exp_id,page_id,fix_seq_id,row_idx,article_id,user,sentence_id,word,word_understand,sentence_understand,mind_wandering,reading_times,number_of_fixations,fixation_duration,fixation_duration_diff,number_of_fixations_diff,reading_times_diff,fixation_duration_mean,number_of_fixations_mean,reading_times_mean,fixation_duration_var,number_of_fixations_var,reading_times_var,fixation_duration_div_syllable,fixation_duration_div_length,backward_times_of_sentence,forward_times_of_sentence,horizontal_saccade_proportion,saccade_duration,saccade_times_of_sentence,saccade_velocity,total_dwell_time_of_sentence,backward_times_of_sentence_div_log,forward_times_of_sentence_div_log,horizontal_saccade_proportion_div_log,saccade_duration_div_log,saccade_times_of_sentence_div_log,saccade_velocity_div_log,total_dwell_time_of_sentence_div_log,backward_times_of_sentence_div_syllable,forward_times_of_sentence_div_syllable,horizontal_saccade_proportion_div_syllable,saccade_duration_div_syllable,saccade_times_of_sentence_div_syllable,saccade_velocity_div_syllable,total_dwell_time_of_sentence_div_syllable
1934,2863,0,0,5,1,0,The,1,0,0,0,0,0,0,0,0,242.579,0.737,0.579,107171.823,0.615,0.244,0.0,0.0,0,0,1,203,11,-65.551,136,0.0,0.0,0.217,44.081,2.389,-14.234,29.532,0.0,0.0,0.036,7.25,0.393,-2.341,4.857
1934,2863,0,0,5,1,0,French,1,0,0,1,1,213,213,1,1,242.579,0.737,0.579,107171.823,0.615,0.244,213.0,35.5,0,0,1,203,11,-65.551,136,0.0,0.0,0.217,44.081,2.389,-14.234,29.532,0.0,0.0,0.036,7.25,0.393,-2.341,4.857
1934,2863,0,0,5,1,0,prime,1,0,0,1,1,291,78,0,0,242.579,0.737,0.579,107171.823,0.615,0.244,291.0,58.2,0,0,1,203,11,-65.551,136,0.0,0.0,0.217,44.081,2.389,-14.234,29.532,0.0,0.0,0.036,7.25,0.393,-2.341,4.857
1934,2863,0,0,5,1,0,minister,1,0,0,0,0,0,-291,-1,-1,242.579,0.737,0.579,107171.823,0.615,0.244,0.0,0.0,0,0,1,203,11,-65.551,136,0.0,0.0,0.217,44.081,2.389,-14.234,29.532,0.0,0.0,0.036,7.25,0.393,-2.341,4.857
1934,2863,0,0,5,1,0,has,1,0,0,0,0,0,0,0,0,242.579,0.737,0.579,107171.823,0.615,0.244,0.0,0.0,0,0,1,203,11,-65.551,136,0.0,0.0,0.217,44.081,2.389,-14.234,29.532,0.0,0.0,0.036,7.25,0.393,-2.341,4.857
1934,2863,0,0,5,1,0,warned,1,0,0,0,0,0,0,0,0,242.579,0.737,0.579,107171.823,0.615,0.244,0.0,0.0,0,0,1,203,11,-65.551,136,0.0,0.0,0.217,44.081,2.389,-14.234,29.532,0.0,0.0,0.036,7.25,0.393,-2.341,4.857
1934,2863,0,0,5,1,0,that,1,0,0,1,1,234,234,1,1,242.579,0.737,0.579,107171.823,0.615,0.244,234.0,58.5,0,0,1,203,11,-65.551,136,0.0,0.0,0.217,44.081,2.389,-14.234,29.532,0.0,0.0,0.036,7.25,0.393,-2.341,4.857
1934,2863,0,0,5,1,0,any,1,0,0,1,1,204,-30,0,0,242.579,0.737,0.579,107171.823,0.615,0.244,204.0,68.0,0,0,1,203,11,-65.551,136,0.0,0.0,0.217,44.081,2.389,-14.234,29.532,0.0,0.0,0.036,7.25,0.393,-2.341,4.857
1934,2863,0,0,5,1,0,new,1,0,0,0,0,0,-204,-1,-1,242.579,0.737,0.579,107171.823,0.615,0.244,0.0,0.0,0,0,1,203,11,-65.551,136,0.0,0.0,0.217,44.081,2.389,-14.234,29.532,0.0,0.0,0.036,7.25,0.393,-2.341,4.857
1934,2863,0,0,5,1,0,government,1,0,0,1,3,639,639,3,1,242.579,0.737,0.579,107171.823,0.615,0.244,213.0,63.9,0,0,1,203,11,-65.551,136,0.0,0.0,0.217,44.081,2.389,-14.234,29.532,0.0,0.0,0.036,7.25,0.393,-2.341,4.857
1934,2863,0,0,5,1,0,in,1,0,0,0,0,0,-639,-3,-1,242.579,0.737,0.579,107171.823,0.615,0.244,0.0,0.0,0,0,1,203,11,-65.551,136,0.0,0.0,0.217,44.081,2.389,-14.234,29.532,0.0,0.0,0.036,7.25,0.393,-2.341,4.857
1934,2863,0,0,5,1,0,Italy,1,0,0,0,0,0,0,0,0,242.579,0.737,0.579,107171.823,0.615,0.244,0.0,0.0,0,0,1,203,11,-65.551,136,0.0,0.0,0.217,44.081,2.389,-14.234,29.532,0.0,0.0,0.036,7.25,0.393,-2.341,4.857
1934,2863,0,0,5,1,0,must,1,0,0,1,1,257,257,1,1,242.579,0.737,0.579,107171.823,0.615,0.244,257.0,64.25,0,0,1,203,11,-65.551,136,0.0,0.0,0.217,44.081,2.389,-14.234,29.532,0.0,0.0,0.036,7.25,0.393,-2.341,4.857
1934,2863,0,0,5,1,0,uphold,1,0,0,1,1,1387,1130,0,0,242.579,0.737,0.579,107171.823,0.615,0.244,693.5,231.167,0,0,1,203,11,-65.551,136,0.0,0.0,0.217,44.081,2.389,-14.234,29.532,0.0,0.0,0.036,7.25,0.393,-2.341,4.857
1934,2863,0,0,5,1,0,human,1,0,0,1,2,517,-870,1,0,242.579,0.737,0.579,107171.823,0.615,0.244,258.5,103.4,0,0,1,203,11,-65.551,136,0.0,0.0,0.217,44.081,2.389,-14.234,29.532,0.0,0.0,0.036,7.25,0.393,-2.341,4.857
1934,2863,0,0,5,1,0,rights,1,0,0,1,1,316,-201,-1,0,242.579,0.737,0.579,107171.823,0.615,0.244,316.0,52.667,0,0,1,203,11,-65.551,136,0.0,0.0,0.217,44.081,2.389,-14.234,29.532,0.0,0.0,0.036,7.25,0.393,-2.341,4.857
1934,2863,0,0,5,1,0,after,1,0,0,1,1,202,-114,0,0,242.579,0.737,0.579,107171.823,0.615,0.244,101.0,40.4,0,0,1,203,11,-65.551,136,0.0,0.0,0.217,44.081,2.389,-14.234,29.532,0.0,0.0,0.036,7.25,0.393,-2.341,4.857
1934,2863,0,0,5,1,0,Sunday's,1,0,0,0,0,0,-202,-1,-1,242.579,0.737,0.579,107171.823,0.615,0.244,0.0,0.0,0,0,1,203,11,-65.551,136,0.0,0.0,0.217,44.081,2.389,-14.234,29.532,0.0,0.0,0.036,7.25,0.393,-2.341,4.857
1934,2863,0,0,5,1,0,election,1,0,0,1,1,349,349,1,1,242.579,0.737,0.579,107171.823,0.615,0.244,174.5,43.625,0,0,1,203,11,-65.551,136,0.0,0.0,0.217,44.081,2.389,-14.234,29.532,0.0,0.0,0.036,7.25,0.393,-2.341,4.857
1934,2863,0,1,5,1,0,made,1,0,0,0,0,0,0,0,0,230.45,0.7,0.6,95412.347,0.41,0.24,0.0,0.0,0,0,1,26,12,-65.87,136,0.0,0.0,0.218,5.658,2.611,-14.335,29.597,0.0,0.0,0.037,0.963,0.444,-2.44,5.037
1934,2863,0,1,5,1,0,the,1,0,0,1,1,213,213,1,1,230.45,0.7,0.6,95412.347,0.41,0.24,213.0,71.0,0,0,1,26,12,-65.87,136,0.0,0.0,0.218,5.658,2.611,-14.335,29.597,0.0,0.0,0.037,0.963,0.444,-2.44,5.037
1934,2863,0,1,5,1,0,far-right,0,0,0,1,1,291,78,0,0,230.45,0.7,0.6,95412.347,0.41,0.24,145.5,32.333,0,0,1,26,12,-65.87,136,0.0,0.0,0.218,5.658,2.611,-14.335,29.597,0.0,0.0,0.037,0.963,0.444,-2.44,5.037
1934,2863,0,1,5,1,0,Brothers,0,0,0,0,0,0,-291,-1,-1,230.45,0.7,0.6,95412.347,0.41,0.24,0.0,0.0,0,0,1,26,12,-65.87,136,0.0,0.0,0.218,5.658,2.611,-14.335,29.597,0.0,0.0,0.037,0.963,0.444,-2.44,5.037
1934,2863,0,1,5,1,0,of,1,0,0,0,0,0,0,0,0,230.45,0.7,0.6,95412.347,0.41,0.24,0.0,0.0,0,0,1,26,12,-65.87,136,0.0,0.0,0.218,5.658,2.611,-14.335,29.597,0.0,0.0,0.037,0.963,0.444,-2.44,5.037
1934,2863,0,1,5,1,0,Italy,1,0,0,0,0,0,0,0,0,230.45,0.7,0.6,95412.347,0.41,0.24,0.0,0.0,0,0,1,26,12,-65.87,136,0.0,0.0,0.218,5.658,2.611,-14.335,29.597,0.0,0.0,0.037,0.963,0.444,-2.44,5.037
1934,2863,0,1,5,1,0,the,1,0,0,1,1,234,234,1,1,230.45,0.7,0.6,95412.347,0.41,0.24,234.0,78.0,0,0,1,26,12,-65.87,136,0.0,0.0,0.218,5.658,2.611,-14.335,29.597,0.0,0.0,0.037,0.963,0.444,-2.44,5.037
1934,2863,0,1,5,1,0,biggest,1,0,0,1,1,204,-30,0,0,230.45,0.7,0.6,95412.347,0.41,0.24,102.0,29.143,0,0,1,26,12,-65.87,136,0.0,0.0,0.218,5.658,2.611,-14.335,29.597,0.0,0.0,0.037,0.963,0.444,-2.44,5.037
1934,2863,0,1,5,1,0,party,1,0,0,0,0,0,-204,-1,-1,230.45,0.7,0.6,95412.347,0.41,0.24,0.0,0.0,0,0,1,26,12,-65.87,136,0.0,0.0,0.218,5.658,2.611,-14.335,29.597,0.0,0.0,0.037,0.963,0.444,-2.44,5.037
1934,2863,0,1,5,1,0,Elisabeth,1,0,0,1,2,409,409,2,1,230.45,0.7,0.6,95412.347,0.41,0.24,136.333,45.444,0,0,1,26,12,-65.87,136,0.0,0.0,0.218,5.658,2.611,-14.335,29.597,0.0,0.0,0.037,0.963,0.444,-2.44,5.037
1934,2863,0,1,5,1,0,Borne,1,0,0,1,1,230,-179,-1,0,230.45,0.7,0.6,95412.347,0.41,0.24,230.0,46.0,0,0,1,26,12,-65.87,136,0.0,0.0,0.218,5.658,2.611,-14.335,29.597,0.0,0.0,0.037,0.963,0.444,-2.44,5.037
1934,2863,0,1,5,1,0,said,1,0,0,0,0,0,-230,-1,-1,230.45,0.7,0.6,95412.347,0.41,0.24,0.0,0.0,0,0,1,26,12,-65.87,136,0.0,0.0,0.218,5.658,2.611,-14.335,29.597,0.0,0.0,0.037,0.963,0.444,-2.44,5.037
1934,2863,0,1,5,1,0,Paris,1,0,0,1,1,257,257,1,1,230.45,0.7,0.6,95412.347,0.41,0.24,257.0,51.4,0,0,1,26,12,-65.87,136,0.0,0.0,0.218,5.658,2.611,-14.335,29.597,0.0,0.0,0.037,0.963,0.444,-2.44,5.037
1934,2863,0,1,5,1,0,would,1,0,0,1,1,1387,1130,0,0,230.45,0.7,0.6,95412.347,0.41,0.24,1387.0,277.4,0,0,1,26,12,-65.87,136,0.0,0.0,0.218,5.658,2.611,-14.335,29.597,0.0,0.0,0.037,0.963,0.444,-2.44,5.037
1934,2863,0,1,5,1,0,be,1,0,0,1,1,306,-1081,0,0,230.45,0.7,0.6,95412.347,0.41,0.24,306.0,153.0,0,0,1,26,12,-65.87,136,0.0,0.0,0.218,5.658,2.611,-14.335,29.597,0.0,0.0,0.037,0.963,0.444,-2.44,5.037
1934,2863,0,1,5,1,0,watching,1,0,0,1,2,527,221,1,0,230.45,0.7,0.6,95412.347,0.41,0.24,263.5,65.875,0,0,1,26,12,-65.87,136,0.0,0.0,0.218,5.658,2.611,-14.335,29.597,0.0,0.0,0.037,0.963,0.444,-2.44,5.037
1934,2863,0,1,5,1,0,to,1,0,0,0,0,0,-527,-2,-1,230.45,0.7,0.6,95412.347,0.41,0.24,0.0,0.0,0,0,1,26,12,-65.87,136,0.0,0.0,0.218,5.658,2.611,-14.335,29.597,0.0,0.0,0.037,0.963,0.444,-2.44,5.037
1934,2863,0,1,5,1,0,see,1,0,0,1,1,202,202,1,1,230.45,0.7,0.6,95412.347,0.41,0.24,202.0,67.333,0,0,1,26,12,-65.87,136,0.0,0.0,0.218,5.658,2.611,-14.335,29.597,0.0,0.0,0.037,0.963,0.444,-2.44,5.037
1934,2863,0,1,5,1,0,whether,1,0,0,0,0,0,-202,-1,-1,230.45,0.7,0.6,95412.347,0.41,0.24,0.0,0.0,0,0,1,26,12,-65.87,136,0.0,0.0,0.218,5.658,2.611,-14.335,29.597,0.0,0.0,0.037,0.963,0.444,-2.44,5.037
1934,2863,0,1,5,1,0,the,1,0,0,1,1,349,349,1,1,230.45,0.7,0.6,95412.347,0.41,0.24,349.0,116.333,0,0,1,26,12,-65.87,136,0.0,0.0,0.218,5.658,2.611,-14.335,29.597,0.0,0.0,0.037,0.963,0.444,-2.44,5.037
1934,2863,1,1,5,1,0,made,1,0,0,0,0,0,0,0,0,314.55,0.9,0.6,111392.348,0.69,0.24,0.0,0.0,0,0,1,-401,12,0.974,87,0.0,0.0,0.218,-87.266,2.611,0.212,18.933,0.0,0.0,0.037,-14.852,0.444,0.036,3.222
1934,2863,1,1,5,1,0,the,1,0,0,1,1,719,719,1,1,314.55,0.9,0.6,111392.348,0.69,0.24,719.0,239.667,0,0,1,-401,12,0.974,87,0.0,0.0,0.218,-87.266,2.611,0.212,18.933,0.0,0.0,0.037,-14.852,0.444,0.036,3.222
1934,2863,1,1,5,1,0,far-right,0,0,0,1,2,501,-218,1,0,314.55,0.9,0.6,111392.348,0.69,0.24,250.5,55.667,0,0,1,-401,12,0.974,87,0.0,0.0,0.218,-87.266,2.611,0.212,18.933,0.0,0.0,0.037,-14.852,0.444,0.036,3.222
1934,2863,1,1,5,1,0,Brothers,0,0,0,0,0,0,-501,-2,-1,314.55,0.9,0.6,111392.348,0.69,0.24,0.0,0.0,0,0,1,-401,12,0.974,87,0.0,0.0,0.218,-87.266,2.611,0.212,18.933,0.0,0.0,0.037,-14.852,0.444,0.036,3.222
1934,2863,1,1,5,1,0,of,1,0,0,1,2,671,671,2,1,314.55,0.9,0.6,111392.348,0.69,0.24,671.0,335.5,0,0,1,-401,12,0.974,87,0.0,0.0,0.218,-87.266,2.611,0.212,18.933,0.0,0.0,0.037,-14.852,0.444,0.036,3.222
1934,2863,1,1,5,1,0,Italy,1,0,0,1,1,244,-427,-1,0,314.55,0.9,0.6,111392.348,0.69,0.24,244.0,48.8,0,0,1,-401,12,0.974,87,0.0,0.0,0.218,-87.266,2.611,0.212,18.933,0.0,0.0,0.037,-14.852,0.444,0.036,3.222
1934,2863,1,1,5,1,0,the,1,0,0,0,0,0,-244,-1,-1,314.55,0.9,0.6,111392.348,0.69,0.24,0.0,0.0,0,0,1,-401,12,0.974,87,0.0,0.0,0.218,-87.266,2.611,0.212,18.933,0.0,0.0,0.037,-14.852,0.444,0.036,3.222
1934,2863,1,1,5,1,0,biggest,1,0,0,1,2,848,848,2,1,314.55,0.9,0.6,111392.348,0.69,0.24,424.0,121.143,0,0,1,-401,12,0.974,87,0.0,0.0,0.218,-87.266,2.611,0.212,18.933,0.0,0.0,0.037,-14.852,0.444,0.036,3.222
1934,2863,1,1,5,1,0,party,1,0,0,1,1,255,-593,-1,0,314.55,0.9,0.6,111392.348,0.69,0.24,127.5,51.0,0,0,1,-401,12,0.974,87,0.0,0.0,0.218,-87.266,2.611,0.212,18.933,0.0,0.0,0.037,-14.852,0.444,0.036,3.222
1934,2863,1,1,5,1,0,Elisabeth,1,0,0,1,2,1154,899,1,0,314.55,0.9,0.6,111392.348,0.69,0.24,384.667,128.222,0,0,1,-401,12,0.974,87,0.0,0.0,0.218,-87.266,2.611,0.212,18.933,0.0,0.0,0.037,-14.852,0.444,0.036,3.222
1934,2863,1,1,5,1,0,Borne,1,0,0,0,0,0,-1154,-2,-1,314.55,0.9,0.6,111392.348,0.69,0.24,0.0,0.0,0,0,1,-401,12,0.974,87,0.0,0.0,0.218,-87.266,2.611,0.212,18.933,0.0,0.0,0.037,-14.852,0.444,0.036,3.222
1934,2863,1,1,5,1,0,said,1,0,0,1,1,208,208,1,1,314.55,0.9,0.6,111392.348,0.69,0.24,208.0,52.0,0,0,1,-401,12,0.974,87,0.0,0.0,0.218,-87.266,2.611,0.212,18.933,0.0,0.0,0.037,-14.852,0.444,0.036,3.222
1934,2863,1,1,5,1,0,Paris,1,0,0,1,1,292,84,0,0,314.55,0.9,0.6,111392.348,0.69,0.24,292.0,58.4,0,0,1,-401,12,0.974,87,0.0,0.0,0.218,-87.266,2.611,0.212,18.933,0.0,0.0,0.037,-14.852,0.444,0.036,3.222
1934,2863,1,1,5,1,0,would,1,0,0,1,2,512,220,1,0,314.55,0.9,0.6,111392.348,0.69,0.24,512.0,102.4,0,0,1,-401,12,0.974,87,0.0,0.0,0.218,-87.266,2.611,0.212,18.933,0.0,0.0,0.037,-14.852,0.444,0.036,3.222
1934,2863,1,1,5,1,0,be,1,0,0,0,0,0,-512,-2,-1,314.55,0.9,0.6,111392.348,0.69,0.24,0.0,0.0,0,0,1,-401,12,0.974,87,0.0,0.0,0.218,-87.266,2.611,0.212,18.933,0.0,0.0,0.037,-14.852,0.444,0.036,3.222
1934,2863,1,1,5,1,0,watching,1,0,0,1,2,564,564,2,1,314.55,0.9,0.6,111392.348,0.69,0.24,282.0,70.5,0,0,1,-401,12,0.974,87,0.0,0.0,0.218,-87.266,2.611,0.212,18.933,0.0,0.0,0.037,-14.852,0.444,0.036,3.222
1934,2863,1,1,5,1,0,to,1,0,0,1,1,323,-241,-1,0,314.55,0.9,0.6,111392.348,0.69,0.24,323.0,161.5,0,0,1,-401,12,0.974,87,0.0,0.0,0.218,-87.266,2.611,0.212,18.933,0.0,0.0,0.037,-14.852,0.444,0.036,3.222
1934,2863,1,1,5,1,0,see,1,0,0,0,0,0,-323,-1,-1,314.55,0.9,0.6,111392.348,0.69,0.24,0.0,0.0,0,0,1,-401,12,0.974,87,0.0,0.0,0.218,-87.266,2.611,0.212,18.933,0.0,0.0,0.037,-14.852,0.444,0.036,3.222
1934,2863,1,1,5,1,0,whether,1,0,0,0,0,0,0,0,0,314.55,0.9,0.6,111392.348,0.69,0.24,0.0,0.0,0,0,1,-401,12,0.974,87,0.0,0.0,0.218,-87.266,2.611,0.212,18.933,0.0,0.0,0.037,-14.852,0.444,0.036,3.222
1934,2863,1,1,5,1,0,the,1,0,0,0,0,0,0,0,0,314.55,0.9,0.6,111392.348,0.69,0.24,0.0,0.0,0,0,1,-401,12,0.974,87,0.0,0.0,0.218,-87.266,2.611,0.212,18.933,0.0,0.0,0.037,-14.852,0.444,0.036,3.222
1934,2863,1,2,5,1,0,right,1,0,0,0,0,0,0,0,0,349.5,1.0,0.667,124896.583,0.778,0.222,0.0,0.0,0,0,1,-553,12,-17.354,87,0.0,0.0,0.216,-119.568,2.595,-3.752,18.811,0.0,0.0,0.032,-17.839,0.387,-0.56,2.806
1934,2863,1,2,5,1,0,to,1,0,0,1,1,719,719,1,1,349.5,1.0,0.667,124896.583,0.778,0.222,719.0,359.5,0,0,1,-553,12,-17.354,87,0.0,0.0,0.216,-119.568,2.595,-3.752,18.811,0.0,0.0,0.032,-17.839,0.387,-0.56,2.806
1934,2863,1,2,5,1,0,abortion,1,0,0,1,1,265,-454,0,0,349.5,1.0,0.667,124896.583,0.778,0.222,132.5,33.125,0,0,1,-553,12,-17.354,87,0.0,0.0,0.216,-119.568,2.595,-3.752,18.811,0.0,0.0,0.032,-17.839,0.387,-0.56,2.806
1934,2863,1,2,5,1,0,and,1,0,0,1,1,236,-29,0,0,349.5,1.0,0.667,124896.583,0.778,0.222,236.0,78.667,0,0,1,-553,12,-17.354,87,0.0,0.0,0.216,-119.568,2.595,-3.752,18.811,0.0,0.0,0.032,-17.839,0.387,-0.56,2.806
1934,2863,1,2,5,1,0,other,1,0,0,0,0,0,-236,-1,-1,349.5,1.0,0.667,124896.583,0.778,0.222,0.0,0.0,0,0,1,-553,12,-17.354,87,0.0,0.0,0.216,-119.568,2.595,-3.752,18.811,0.0,0.0,0.032,-17.839,0.387,-0.56,2.806
1934,2863,1,2,5,1,0,rights,1,0,0,1,3,915,915,3,1,349.5,1.0,0.667,124896.583,0.778,0.222,915.0,152.5,0,0,1,-553,12,-17.354,87,0.0,0.0,0.216,-119.568,2.595,-3.752,18.811,0.0,0.0,0.032,-17.839,0.387,-0.56,2.806
1934,2863,1,2,5,1,0,were,1,0,0,0,0,0,-915,-3,-1,349.5,1.0,0.667,124896.583,0.778,0.222,0.0,0.0,0,0,1,-553,12,-17.354,87,0.0,0.0,0.216,-119.568,2.595,-3.752,18.811,0.0,0.0,0.032,-17.839,0.387,-0.56,2.806
1934,2863,1,2,5,1,0,respected,1,0,0,1,2,848,848,2,1,349.5,1.0,0.667,124896.583,0.778,0.222,282.667,94.222,0,0,1,-553,12,-17.354,87,0.0,0.0,0.216,-119.568,2.595,-3.752,18.811,0.0,0.0,0.032,-17.839,0.387,-0.56,2.806
1934,2863,1,2,5,1,0,The,1,0,0,1,1,255,-593,-1,0,349.5,1.0,0.667,124896.583,0.778,0.222,255.0,85.0,0,0,1,-553,12,-17.354,87,0.0,0.0,0.216,-119.568,2.595,-3.752,18.811,0.0,0.0,0.032,-17.839,0.387,-0.56,2.806
1934,2863,1,2,5,1,0,European,1,0,0,1,2,1154,899,1,0,349.5,1.0,0.667,124896.583,0.778,0.222,384.667,144.25,0,0,1,-553,12,-17.354,87,0.0,0.0,0.216,-119.568,2.595,-3.752,18.811,0.0,0.0,0.032,-17.839,0.387,-0.56,2.806
1934,2863,1,2,5,1,0,Commission,1,0,0,1,1,208,-946,-1,0,349.5,1.0,0.667,124896.583,0.778,0.222,69.333,20.8,0,0,1,-553,12,-17.354,87,0.0,0.0,0.216,-119.568,2.595,-3.752,18.811,0.0,0.0,0.032,-17.839,0.387,-0.56,2.806
1934,2863,1,2,5,1,0,says,1,0,0,1,1,292,84,0,0,349.5,1.0,0.667,124896.583,0.778,0.222,292.0,73.0,0,0,1,-553,12,-17.354,87,0.0,0.0,0.216,-119.568,2.595,-3.752,18.811,0.0,0.0,0.032,-17.839,0.387,-0.56,2.806
1934,2863,1,2,5,1,0,it,1,0,0,1,1,257,-35,0,0,349.5,1.0,0.667,124896.583,0.778,0.222,257.0,128.5,0,0,1,-553,12,-17.354,87,0.0,0.0,0.216,-119.568,2.595,-3.752,18.811,0.0,0.0,0.032,-17.839,0.387,-0.56,2.806
1934,2863,1,2,5,1,0,hopes,1,0,0,1,2,617,360,1,0,349.5,1.0,0.667,124896.583,0.778,0.222,617.0,123.4,0,0,1,-553,12,-17.354,87,0.0,0.0,0.216,-119.568,2.595,-3.752,18.811,0.0,0.0,0.032,-17.839,0.387,-0.56,2.806
1934,2863,1,2,5,1,0,for,1,0,0,0,0,0,-617,-2,-1,349.5,1.0,0.667,124896.583,0.778,0.222,0.0,0.0,0,0,1,-553,12,-17.354,87,0.0,0.0,0.216,-119.568,2.595,-3.752,18.811,0.0,0.0,0.032,-17.839,0.387,-0.56,2.806
1934,2863,1,2,5,1,0,a,1,0,0,0,0,0,0,0,0,349.5,1.0,0.667,124896.583,0.778,0.222,0.0,0.0,0,0,1,-553,12,-17.354,87,0.0,0.0,0.216,-119.568,2.595,-3.752,18.811,0.0,0.0,0.032,-17.839,0.387,-0.56,2.806
1934,2863,1,2,5,1,0,constructive,1,0,0,1,2,525,525,2,1,349.5,1.0,0.667,124896.583,0.778,0.222,175.0,43.75,0,0,1,-553,12,-17.354,87,0.0,0.0,0.216,-119.568,2.595,-3.752,18.811,0.0,0.0,0.032,-17.839,0.387,-0.56,2.806
1934,2863,1,2,5,1,0,relationship,1,0,0,0,0,0,-525,-2,-1,349.5,1.0,0.667,124896.583,0.778,0.222,0.0,0.0,0,0,1,-553,12,-17.354,87,0.0,0.0,0.216,-119.568,2.595,-3.752,18.811,0.0,0.0,0.032,-17.839,0.387,-0.56,2.806
1934,2863,1,3,5,1,0,with,1,0,0,0,0,0,0,0,0,349.5,1.0,0.722,83085.583,0.556,0.201,0.0,0.0,0,0,1,-37,13,2.429,87,0.0,0.0,0.22,-8.125,2.855,0.533,19.105,0.0,0.0,0.033,-1.233,0.433,0.081,2.9
1934,2863,1,3,5,1,0,the,1,0,0,1,1,719,719,1,1,349.5,1.0,0.722,83085.583,0.556,0.201,719.0,239.667,0,0,1,-37,13,2.429,87,0.0,0.0,0.22,-8.125,2.855,0.533,19.105,0.0,0.0,0.033,-1.233,0.433,0.081,2.9
1934,2863,1,3,5,1,0,new,1,0,0,1,1,265,-454,0,0,349.5,1.0,0.722,83085.583,0.556,0.201,265.0,88.333,0,0,1,-37,13,2.429,87,0.0,0.0,0.22,-8.125,2.855,0.533,19.105,0.0,0.0,0.033,-1.233,0.433,0.081,2.9
1934,2863,1,3,5,1,0,government,1,0,0,1,1,236,-29,0,0,349.5,1.0,0.722,83085.583,0.556,0.201,78.667,23.6,0,0,1,-37,13,2.429,87,0.0,0.0,0.22,-8.125,2.855,0.533,19.105,0.0,0.0,0.033,-1.233,0.433,0.081,2.9
1934,2863,1,3,5,1,0,The,1,0,0,1,2,671,435,1,0,349.5,1.0,0.722,83085.583,0.556,0.201,671.0,223.667,0,0,1,-37,13,2.429,87,0.0,0.0,0.22,-8.125,2.855,0.533,19.105,0.0,0.0,0.033,-1.233,0.433,0.081,2.9
1934,2863,1,3,5,1,0,Cuban,1,0,0,1,1,244,-427,-1,0,349.5,1.0,0.722,83085.583,0.556,0.201,244.0,48.8,0,0,1,-37,13,2.429,87,0.0,0.0,0.22,-8.125,2.855,0.533,19.105,0.0,0.0,0.033,-1.233,0.433,0.081,2.9
1934,2863,1,3,5,1,0,people,1,0,0,1,2,848,604,1,0,349.5,1.0,0.722,83085.583,0.556,0.201,424.0,141.333,0,0,1,-37,13,2.429,87,0.0,0.0,0.22,-8.125,2.855,0.533,19.105,0.0,0.0,0.033,-1.233,0.433,0.081,2.9
1934,2863,1,3,5,1,0,have,1,0,0,0,0,0,-848,-2,-1,349.5,1.0,0.722,83085.583,0.556,0.201,0.0,0.0,0,0,1,-37,13,2.429,87,0.0,0.0,0.22,-8.125,2.855,0.533,19.105,0.0,0.0,0.033,-1.233,0.433,0.081,2.9
1934,2863,1,3,5,1,0,approved,1,0,0,1,2,613,613,2,1,349.5,1.0,0.722,83085.583,0.556,0.201,306.5,76.625,0,0,1,-37,13,2.429,87,0.0,0.0,0.22,-8.125,2.855,0.533,19.105,0.0,0.0,0.033,-1.233,0.433,0.081,2.9
1934,2863,1,3,5,1,0,a,1,0,0,1,1,796,183,-1,0,349.5,1.0,0.722,83085.583,0.556,0.201,796.0,796.0,0,0,1,-37,13,2.429,87,0.0,0.0,0.22,-8.125,2.855,0.533,19.105,0.0,0.0,0.033,-1.233,0.433,0.081,2.9
1934,2863,1,3,5,1,0,package,1,0,0,0,0,0,-796,-1,-1,349.5,1.0,0.722,83085.583,0.556,0.201,0.0,0.0,0,0,1,-37,13,2.429,87,0.0,0.0,0.22,-8.125,2.855,0.533,19.105,0.0,0.0,0.033,-1.233,0.433,0.081,2.9
1934,2863,1,3,5,1,0,of,1,0,0,1,1,208,208,1,1,349.5,1.0,0.722,83085.583,0.556,0.201,208.0,104.0,0,0,1,-37,13,2.429,87,0.0,0.0,0.22,-8.125,2.855,0.533,19.105,0.0,0.0,0.033,-1.233,0.433,0.081,2.9
1934,2863,1,3,5,1,0,social,1,0,0,1,1,292,84,0,0,349.5,1.0,0.722,83085.583,0.556,0.201,146.0,48.667,0,0,1,-37,13,2.429,87,0.0,0.0,0.22,-8.125,2.855,0.533,19.105,0.0,0.0,0.033,-1.233,0.433,0.081,2.9
1934,2863,1,3,5,1,0,reforms,1,0,0,1,2,512,220,1,0,349.5,1.0,0.722,83085.583,0.556,0.201,256.0,73.143,0,0,1,-37,13,2.429,87,0.0,0.0,0.22,-8.125,2.855,0.533,19.105,0.0,0.0,0.033,-1.233,0.433,0.081,2.9
1934,2863,1,3,5,1,0,including,1,0,0,1,2,564,52,0,0,349.5,1.0,0.722,83085.583,0.556,0.201,188.0,62.667,0,0,1,-37,13,2.429,87,0.0,0.0,0.22,-8.125,2.855,0.533,19.105,0.0,0.0,0.033,-1.233,0.433,0.081,2.9
1934,2863,1,3,5,1,0,the,1,0,0,1,1,323,-241,-1,0,349.5,1.0,0.722,83085.583,0.556,0.201,323.0,107.667,0,0,1,-37,13,2.429,87,0.0,0.0,0.22,-8.125,2.855,0.533,19.105,0.0,0.0,0.033,-1.233,0.433,0.081,2.9
1934,2863,1,3,5,1,0,legalization,1,0,0,0,0,0,-323,-1,-1,349.5,1.0,0.722,83085.583,0.556,0.201,0.0,0.0,0,0,1,-37,13,2.429,87,0.0,0.0,0.22,-8.125,2.855,0.533,19.105,0.0,0.0,0.033,-1.233,0.433,0.081,2.9
1934,2863,1,3,5,1,0,of,1,0,0,0,0,0,0,0,0,349.5,1.0,0.722,83085.583,0.556,0.201,0.0,0.0,0,0,1,-37,13,2.429,87,0.0,0.0,0.22,-8.125,2.855,0.533,19.105,0.0,0.0,0.033,-1.233,0.433,0.081,2.9
1934,2863,2,2,5,1,0,right,1,0,0,0,0,0,0,0,0,452.944,1.111,0.889,158202.275,0.988,0.543,0.0,0.0,0,0,1,-30,16,-1.255,97,0.0,0.0,0.216,-6.487,3.459,-0.271,20.973,0.0,0.0,0.032,-0.968,0.516,-0.04,3.129
1934,2863,2,2,5,1,0,to,1,0,0,0,0,0,0,0,0,452.944,1.111,0.889,158202.275,0.988,0.543,0.0,0.0,0,0,1,-30,16,-1.255,97,0.0,0.0,0.216,-6.487,3.459,-0.271,20.973,0.0,0.0,0.032,-0.968,0.516,-0.04,3.129
1934,2863,2,2,5,1,0,abortion,1,0,0,0,0,0,0,0,0,452.944,1.111,0.889,158202.275,0.988,0.543,0.0,0.0,0,0,1,-30,16,-1.255,97,0.0,0.0,0.216,-6.487,3.459,-0.271,20.973,0.0,0.0,0.032,-0.968,0.516,-0.04,3.129
1934,2863,2,2,5,1,0,and,1,0,0,1,2,509,509,2,1,452.944,1.111,0.889,158202.275,0.988,0.543,509.0,169.667,0,0,1,-30,16,-1.255,97,0.0,0.0,0.216,-6.487,3.459,-0.271,20.973,0.0,0.0,0.032,-0.968,0.516,-0.04,3.129
1934,2863,2,2,5,1,0,other,1,0,0,0,0,0,-509,-2,-1,452.944,1.111,0.889,158202.275,0.988,0.543,0.0,0.0,0,0,1,-30,16,-1.255,97,0.0,0.0,0.216,-6.487,3.459,-0.271,20.973,0.0,0.0,0.032,-0.968,0.516,-0.04,3.129
1934,2863,2,2,5,1,0,rights,1,0,0,1,1,511,511,1,1,452.944,1.111,0.889,158202.275,0.988,0.543,511.0,85.167,0,0,1,-30,16,-1.255,97,0.0,0.0,0.216,-6.487,3.459,-0.271,20.973,0.0,0.0,0.032,-0.968,0.516,-0.04,3.129
1934,2863,2,2,5,1,0,were,1,0,0,0,0,0,-511,-1,-1,452.944,1.111,0.889,158202.275,0.988,0.543,0.0,0.0,0,0,1,-30,16,-1.255,97,0.0,0.0,0.216,-6.487,3.459,-0.271,20.973,0.0,0.0,0.032,-0.968,0.516,-0.04,3.129
1934,2863,2,2,5,1,0,respected,1,0,0,1,1,604,604,1,1,452.944,1.111,0.889,158202.275,0.988,0.543,201.333,67.111,0,0,1,-30,16,-1.255,97,0.0,0.0,0.216,-6.487,3.459,-0.271,20.973,0.0,0.0,0.032,-0.968,0.516,-0.04,3.129
1934,2863,2,2,5,1,0,The,1,0,0,2,2,911,307,1,1,452.944,1.111,0.889,158202.275,0.988,0.543,911.0,303.667,0,0,1,-30,16,-1.255,97,0.0,0.0,0.216,-6.487,3.459,-0.271,20.973,0.0,0.0,0.032,-0.968,0.516,-0.04,3.129
1934,2863,2,2,5,1,0,European,1,0,0,2,3,1010,99,1,0,452.944,1.111,0.889,158202.275,0.988,0.543,336.667,126.25,0,0,1,-30,16,-1.255,97,0.0,0.0,0.216,-6.487,3.459,-0.271,20.973,0.0,0.0,0.032,-0.968,0.516,-0.04,3.129
1934,2863,2,2,5,1,0,Commission,1,0,0,1,2,772,-238,-1,-1,452.944,1.111,0.889,158202.275,0.988,0.543,257.333,77.2,0,0,1,-30,16,-1.255,97,0.0,0.0,0.216,-6.487,3.459,-0.271,20.973,0.0,0.0,0.032,-0.968,0.516,-0.04,3.129
1934,2863,2,2,5,1,0,says,1,0,0,1,1,355,-417,-1,0,452.944,1.111,0.889,158202.275,0.988,0.543,355.0,88.75,0,0,1,-30,16,-1.255,97,0.0,0.0,0.216,-6.487,3.459,-0.271,20.973,0.0,0.0,0.032,-0.968,0.516,-0.04,3.129
1934,2863,2,2,5,1,0,it,1,0,0,1,1,222,-133,0,0,452.944,1.111,0.889,158202.275,0.988,0.543,222.0,111.0,0,0,1,-30,16,-1.255,97,0.0,0.0,0.216,-6.487,3.459,-0.271,20.973,0.0,0.0,0.032,-0.968,0.516,-0.04,3.129
1934,2863,2,2,5,1,0,hopes,1,0,0,1,1,1058,836,0,0,452.944,1.111,0.889,158202.275,0.988,0.543,1058.0,211.6,0,0,1,-30,16,-1.255,97,0.0,0.0,0.216,-6.487,3.459,-0.271,20.973,0.0,0.0,0.032,-0.968,0.516,-0.04,3.129
1934,2863,2,2,5,1,0,for,1,0,0,0,0,0,-1058,-1,-1,452.944,1.111,0.889,158202.275,0.988,0.543,0.0,0.0,0,0,1,-30,16,-1.255,97,0.0,0.0,0.216,-6.487,3.459,-0.271,20.973,0.0,0.0,0.032,-0.968,0.516,-0.04,3.129
1934,2863,2,2,5,1,0,a,1,0,0,1,1,376,376,1,1,452.944,1.111,0.889,158202.275,0.988,0.543,376.0,376.0,0,0,1,-30,16,-1.255,97,0.0,0.0,0.216,-6.487,3.459,-0.271,20.973,0.0,0.0,0.032,-0.968,0.516,-0.04,3.129
1934,2863,2,2,5,1,0,constructive,1,0,0,2,3,1145,769,2,1,452.944,1.111,0.889,158202.275,0.988,0.543,381.667,95.417,0,0,1,-30,16,-1.255,97,0.0,0.0,0.216,-6.487,3.459,-0.271,20.973,0.0,0.0,0.032,-0.968,0.516,-0.04,3.129
1934,2863,2,2,5,1,0,relationship,1,0,0,2,2,680,-465,-1,0,452.944,1.111,0.889,158202.275,0.988,0.543,170.0,56.667,0,0,1,-30,16,-1.255,97,0.0,0.0,0.216,-6.487,3.459,-0.271,20.973,0.0,0.0,0.032,-0.968,0.516,-0.04,3.129
1934,2863,2,3,5,1,0,with,1,0,0,0,0,0,0,0,0,452.944,1.111,0.722,259439.83,1.432,0.312,0.0,0.0,0,0,1,217,13,2.254,97,0.0,0.0,0.22,47.652,2.855,0.495,21.301,0.0,0.0,0.033,7.233,0.433,0.075,3.233
1934,2863,2,3,5,1,0,the,1,0,0,0,0,0,0,0,0,452.944,1.111,0.722,259439.83,1.432,0.312,0.0,0.0,0,0,1,217,13,2.254,97,0.0,0.0,0.22,47.652,2.855,0.495,21.301,0.0,0.0,0.033,7.233,0.433,0.075,3.233
1934,2863,2,3,5,1,0,new,1,0,0,0,0,0,0,0,0,452.944,1.111,0.722,259439.83,1.432,0.312,0.0,0.0,0,0,1,217,13,2.254,97,0.0,0.0,0.22,47.652,2.855,0.495,21.301,0.0,0.0,0.033,7.233,0.433,0.075,3.233
1934,2863,2,3,5,1,0,government,1,0,0,1,2,509,509,2,1,452.944,1.111,0.722,259439.83,1.432,0.312,169.667,50.9,0,0,1,217,13,2.254,97,0.0,0.0,0.22,47.652,2.855,0.495,21.301,0.0,0.0,0.033,7.233,0.433,0.075,3.233
1934,2863,2,3,5,1,0,The,1,0,0,1,1,511,2,-1,0,452.944,1.111,0.722,259439.83,1.432,0.312,511.0,170.333,0,0,1,217,13,2.254,97,0.0,0.0,0.22,47.652,2.855,0.495,21.301,0.0,0.0,0.033,7.233,0.433,0.075,3.233
1934,2863,2,3,5,1,0,Cuban,1,0,0,0,0,0,-511,-1,-1,452.944,1.111,0.722,259439.83,1.432,0.312,0.0,0.0,0,0,1,217,13,2.254,97,0.0,0.0,0.22,47.652,2.855,0.495,21.301,0.0,0.0,0.033,7.233,0.433,0.075,3.233
1934,2863,2,3,5,1,0,people,1,0,0,0,0,0,0,0,0,452.944,1.111,0.722,259439.83,1.432,0.312,0.0,0.0,0,0,1,217,13,2.254,97,0.0,0.0,0.22,47.652,2.855,0.495,21.301,0.0,0.0,0.033,7.233,0.433,0.075,3.233
1934,2863,2,3,5,1,0,have,1,0,0,1,1,604,604,1,1,452.944,1.111,0.722,259439.83,1.432,0.312,604.0,151.0,0,0,1,217,13,2.254,97,0.0,0.0,0.22,47.652,2.855,0.495,21.301,0.0,0.0,0.033,7.233,0.433,0.075,3.233
1934,2863,2,3,5,1,0,approved,1,0,0,2,4,1640,1036,3,1,452.944,1.111,0.722,259439.83,1.432,0.312,820.0,205.0,0,0,1,217,13,2.254,97,0.0,0.0,0.22,47.652,2.855,0.495,21.301,0.0,0.0,0.033,7.233,0.433,0.075,3.233
1934,2863,2,3,5,1,0,a,1,0,0,1,1,281,-1359,-3,-1,452.944,1.111,0.722,259439.83,1.432,0.312,281.0,281.0,0,0,1,217,13,2.254,97,0.0,0.0,0.22,47.652,2.855,0.495,21.301,0.0,0.0,0.033,7.233,0.433,0.075,3.233
1934,2863,2,3,5,1,0,package,1,0,0,1,1,202,-79,0,0,452.944,1.111,0.722,259439.83,1.432,0.312,101.0,28.857,0,0,1,217,13,2.254,97,0.0,0.0,0.22,47.652,2.855,0.495,21.301,0.0,0.0,0.033,7.233,0.433,0.075,3.233
1934,2863,2,3,5,1,0,of,1,0,0,1,1,570,368,0,0,452.944,1.111,0.722,259439.83,1.432,0.312,570.0,285.0,0,0,1,217,13,2.254,97,0.0,0.0,0.22,47.652,2.855,0.495,21.301,0.0,0.0,0.033,7.233,0.433,0.075,3.233
1934,2863,2,3,5,1,0,social,1,0,0,1,1,355,-215,0,0,452.944,1.111,0.722,259439.83,1.432,0.312,177.5,59.167,0,0,1,217,13,2.254,97,0.0,0.0,0.22,47.652,2.855,0.495,21.301,0.0,0.0,0.033,7.233,0.433,0.075,3.233
1934,2863,2,3,5,1,0,reforms,1,0,0,1,1,222,-133,0,0,452.944,1.111,0.722,259439.83,1.432,0.312,111.0,31.714,0,0,1,217,13,2.254,97,0.0,0.0,0.22,47.652,2.855,0.495,21.301,0.0,0.0,0.033,7.233,0.433,0.075,3.233
1934,2863,2,3,5,1,0,including,1,0,0,1,2,1434,1212,1,0,452.944,1.111,0.722,259439.83,1.432,0.312,478.0,159.333,0,0,1,217,13,2.254,97,0.0,0.0,0.22,47.652,2.855,0.495,21.301,0.0,0.0,0.033,7.233,0.433,0.075,3.233
1934,2863,2,3,5,1,0,the,1,0,0,1,1,440,-994,-1,0,452.944,1.111,0.722,259439.83,1.432,0.312,440.0,146.667,0,0,1,217,13,2.254,97,0.0,0.0,0.22,47.652,2.855,0.495,21.301,0.0,0.0,0.033,7.233,0.433,0.075,3.233
1934,2863,2,3,5,1,0,legalization,1,0,0,1,4,1385,945,3,0,452.944,1.111,0.722,259439.83,1.432,0.312,346.25,115.417,0,0,1,217,13,2.254,97,0.0,0.0,0.22,47.652,2.855,0.495,21.301,0.0,0.0,0.033,7.233,0.433,0.075,3.233
1934,2863,2,3,5,1,0,of,1,0,0,0,0,0,-1385,-4,-1,452.944,1.111,0.722,259439.83,1.432,0.312,0.0,0.0,0,0,1,217,13,2.254,97,0.0,0.0,0.22,47.652,2.855,0.495,21.301,0.0,0.0,0.033,7.233,0.433,0.075,3.233
1934,2863,2,4,5,1,0,same-sex,1,0,0,0,0,0,0,0,0,407.65,1.0,0.75,163890.028,0.9,0.388,0.0,0.0,0,0,1,77,15,2.533,97,0.0,0.0,0.217,16.72,3.257,0.55,21.063,0.0,0.0,0.03,2.333,0.455,0.077,2.939
1934,2863,2,4,5,1,0,marriage,1,0,0,1,2,509,509,2,1,407.65,1.0,0.75,163890.028,0.9,0.388,254.5,63.625,0,0,1,77,15,2.533,97,0.0,0.0,0.217,16.72,3.257,0.55,21.063,0.0,0.0,0.03,2.333,0.455,0.077,2.939
1934,2863,2,4,5,1,0,in,1,0,0,0,0,0,-509,-2,-1,407.65,1.0,0.75,163890.028,0.9,0.388,0.0,0.0,0,0,1,77,15,2.533,97,0.0,0.0,0.217,16.72,3.257,0.55,21.063,0.0,0.0,0.03,2.333,0.455,0.077,2.939
1934,2863,2,4,5,1,0,a,1,0,0,0,0,0,0,0,0,407.65,1.0,0.75,163890.028,0.9,0.388,0.0,0.0,0,0,1,77,15,2.533,97,0.0,0.0,0.217,16.72,3.257,0.55,21.063,0.0,0.0,0.03,2.333,0.455,0.077,2.939
1934,2863,2,4,5,1,0,referendum,1,0,0,1,1,511,511,1,1,407.65,1.0,0.75,163890.028,0.9,0.388,127.75,51.1,0,0,1,77,15,2.533,97,0.0,0.0,0.217,16.72,3.257,0.55,21.063,0.0,0.0,0.03,2.333,0.455,0.077,2.939
1934,2863,2,4,5,1,0,The,1,0,0,0,0,0,-511,-1,-1,407.65,1.0,0.75,163890.028,0.9,0.388,0.0,0.0,0,0,1,77,15,2.533,97,0.0,0.0,0.217,16.72,3.257,0.55,21.063,0.0,0.0,0.03,2.333,0.455,0.077,2.939
1934,2863,2,4,5,1,0,new,1,0,0,0,0,0,0,0,0,407.65,1.0,0.75,163890.028,0.9,0.388,0.0,0.0,0,0,1,77,15,2.533,97,0.0,0.0,0.217,16.72,3.257,0.55,21.063,0.0,0.0,0.03,2.333,0.455,0.077,2.939
1934,2863,2,4,5,1,0,Family,1,0,0,1,2,1277,1277,2,1,407.65,1.0,0.75,163890.028,0.9,0.388,425.667,212.833,0,0,1,77,15,2.533,97,0.0,0.0,0.217,16.72,3.257,0.55,21.063,0.0,0.0,0.03,2.333,0.455,0.077,2.939
1934,2863,2,4,5,1,0,Code,1,0,0,2,3,967,-310,1,1,407.65,1.0,0.75,163890.028,0.9,0.388,967.0,241.75,0,0,1,77,15,2.533,97,0.0,0.0,0.217,16.72,3.257,0.55,21.063,0.0,0.0,0.03,2.333,0.455,0.077,2.939
1934,2863,2,4,5,1,0,will,1,0,0,1,1,281,-686,-2,-1,407.65,1.0,0.75,163890.028,0.9,0.388,281.0,70.25,0,0,1,77,15,2.533,97,0.0,0.0,0.217,16.72,3.257,0.55,21.063,0.0,0.0,0.03,2.333,0.455,0.077,2.939
1934,2863,2,4,5,1,0,let,1,0,0,0,0,0,-281,-1,-1,407.65,1.0,0.75,163890.028,0.9,0.388,0.0,0.0,0,0,1,77,15,2.533,97,0.0,0.0,0.217,16.72,3.257,0.55,21.063,0.0,0.0,0.03,2.333,0.455,0.077,2.939
1934,2863,2,4,5,1,0,gay,1,0,0,1,1,202,202,1,1,407.65,1.0,0.75,163890.028,0.9,0.388,202.0,67.333,0,0,1,77,15,2.533,97,0.0,0.0,0.217,16.72,3.257,0.55,21.063,0.0,0.0,0.03,2.333,0.455,0.077,2.939
1934,2863,2,4,5,1,0,couples,1,0,0,1,2,925,723,1,0,407.65,1.0,0.75,163890.028,0.9,0.388,462.5,132.143,0,0,1,77,15,2.533,97,0.0,0.0,0.217,16.72,3.257,0.55,21.063,0.0,0.0,0.03,2.333,0.455,0.077,2.939
1934,2863,2,4,5,1,0,adopt,1,0,0,1,1,222,-703,-1,0,407.65,1.0,0.75,163890.028,0.9,0.388,222.0,44.4,0,0,1,77,15,2.533,97,0.0,0.0,0.217,16.72,3.257,0.55,21.063,0.0,0.0,0.03,2.333,0.455,0.077,2.939
1934,2863,2,4,5,1,0,children,1,0,0,1,1,1058,836,0,0,407.65,1.0,0.75,163890.028,0.9,0.388,529.0,132.25,0,0,1,77,15,2.533,97,0.0,0.0,0.217,16.72,3.257,0.55,21.063,0.0,0.0,0.03,2.333,0.455,0.077,2.939
1934,2863,2,4,5,1,0,and,1,0,0,1,1,376,-682,0,0,407.65,1.0,0.75,163890.028,0.9,0.388,376.0,125.333,0,0,1,77,15,2.533,97,0.0,0.0,0.217,16.72,3.257,0.55,21.063,0.0,0.0,0.03,2.333,0.455,0.077,2.939
1934,2863,2,4,5,1,0,will,1,0,0,1,1,440,64,0,0,407.65,1.0,0.75,163890.028,0.9,0.388,440.0,110.0,0,0,1,77,15,2.533,97,0.0,0.0,0.217,16.72,3.257,0.55,21.063,0.0,0.0,0.03,2.333,0.455,0.077,2.939
1934,2863,2,4,5,1,0,also,1,0,0,1,1,496,56,0,0,407.65,1.0,0.75,163890.028,0.9,0.388,248.0,124.0,0,0,1,77,15,2.533,97,0.0,0.0,0.217,16.72,3.257,0.55,21.063,0.0,0.0,0.03,2.333,0.455,0.077,2.939
1934,2863,2,4,5,1,0,allow,1,0,0,2,3,889,393,2,1,407.65,1.0,0.75,163890.028,0.9,0.388,444.5,177.8,0,0,1,77,15,2.533,97,0.0,0.0,0.217,16.72,3.257,0.55,21.063,0.0,0.0,0.03,2.333,0.455,0.077,2.939
1934,2863,2,4,5,1,0,surrogate,1,0,0,0,0,0,-889,-3,-2,407.65,1.0,0.75,163890.028,0.9,0.388,0.0,0.0,0,0,1,77,15,2.533,97,0.0,0.0,0.217,16.72,3.257,0.55,21.063,0.0,0.0,0.03,2.333,0.455,0.077,2.939
1934,2863,3,4,5,1,0,same-sex,1,0,0,1,1,622,0,0,0,271.2,0.7,0.45,109215.06,0.71,0.247,311.0,77.75,0,0,1,-119,9,-269.314,39,0.0,0.0,0.217,-25.841,1.954,-58.481,8.469,0.0,0.0,0.03,-3.606,0.273,-8.161,1.182
1934,2863,3,4,5,1,0,marriage,1,0,0,1,2,742,120,1,0,271.2,0.7,0.45,109215.06,0.71,0.247,371.0,92.75,0,0,1,-119,9,-269.314,39,0.0,0.0,0.217,-25.841,1.954,-58.481,8.469,0.0,0.0,0.03,-3.606,0.273,-8.161,1.182
1934,2863,3,4,5,1,0,in,1,0,0,1,1,640,-102,-1,0,271.2,0.7,0.45,109215.06,0.71,0.247,640.0,320.0,0,0,1,-119,9,-269.314,39,0.0,0.0,0.217,-25.841,1.954,-58.481,8.469,0.0,0.0,0.03,-3.606,0.273,-8.161,1.182
1934,2863,3,4,5,1,0,a,1,0,0,0,0,0,-640,-1,-1,271.2,0.7,0.45,109215.06,0.71,0.247,0.0,0.0,0,0,1,-119,9,-269.314,39,0.0,0.0,0.217,-25.841,1.954,-58.481,8.469,0.0,0.0,0.03,-3.606,0.273,-8.161,1.182
1934,2863,3,4,5,1,0,referendum,1,0,0,1,2,900,900,2,1,271.2,0.7,0.45,109215.06,0.71,0.247,225.0,90.0,0,0,1,-119,9,-269.314,39,0.0,0.0,0.217,-25.841,1.954,-58.481,8.469,0.0,0.0,0.03,-3.606,0.273,-8.161,1.182
1934,2863,3,4,5,1,0,The,1,0,0,0,0,0,-900,-2,-1,271.2,0.7,0.45,109215.06,0.71,0.247,0.0,0.0,0,0,1,-119,9,-269.314,39,0.0,0.0,0.217,-25.841,1.954,-58.481,8.469,0.0,0.0,0.03,-3.606,0.273,-8.161,1.182
1934,2863,3,4,5,1,0,new,1,0,0,1,2,489,489,2,1,271.2,0.7,0.45,109215.06,0.71,0.247,489.0,163.0,0,0,1,-119,9,-269.314,39,0.0,0.0,0.217,-25.841,1.954,-58.481,8.469,0.0,0.0,0.03,-3.606,0.273,-8.161,1.182
1934,2863,3,4,5,1,0,Family,1,0,0,0,0,0,-489,-2,-1,271.2,0.7,0.45,109215.06,0.71,0.247,0.0,0.0,0,0,1,-119,9,-269.314,39,0.0,0.0,0.217,-25.841,1.954,-58.481,8.469,0.0,0.0,0.03,-3.606,0.273,-8.161,1.182
1934,2863,3,4,5,1,0,Code,1,0,0,0,0,0,0,0,0,271.2,0.7,0.45,109215.06,0.71,0.247,0.0,0.0,0,0,1,-119,9,-269.314,39,0.0,0.0,0.217,-25.841,1.954,-58.481,8.469,0.0,0.0,0.03,-3.606,0.273,-8.161,1.182
1934,2863,3,4,5,1,0,will,1,0,0,0,0,0,0,0,0,271.2,0.7,0.45,109215.06,0.71,0.247,0.0,0.0,0,0,1,-119,9,-269.314,39,0.0,0.0,0.217,-25.841,1.954,-58.481,8.469,0.0,0.0,0.03,-3.606,0.273,-8.161,1.182
1934,2863,3,4,5,1,0,let,1,0,0,0,0,0,0,0,0,271.2,0.7,0.45,109215.06,0.71,0.247,0.0,0.0,0,0,1,-119,9,-269.314,39,0.0,0.0,0.217,-25.841,1.954,-58.481,8.469,0.0,0.0,0.03,-3.606,0.273,-8.161,1.182
1934,2863,3,4,5,1,0,gay,1,0,0,1,1,224,224,1,1,271.2,0.7,0.45,109215.06,0.71,0.247,224.0,74.667,0,0,1,-119,9,-269.314,39,0.0,0.0,0.217,-25.841,1.954,-58.481,8.469,0.0,0.0,0.03,-3.606,0.273,-8.161,1.182
1934,2863,3,4,5,1,0,couples,1,0,0,1,2,695,471,1,0,271.2,0.7,0.45,109215.06,0.71,0.247,347.5,99.286,0,0,1,-119,9,-269.314,39,0.0,0.0,0.217,-25.841,1.954,-58.481,8.469,0.0,0.0,0.03,-3.606,0.273,-8.161,1.182
1934,2863,3,4,5,1,0,adopt,1,0,0,1,1,324,-371,-1,0,271.2,0.7,0.45,109215.06,0.71,0.247,324.0,64.8,0,0,1,-119,9,-269.314,39,0.0,0.0,0.217,-25.841,1.954,-58.481,8.469,0.0,0.0,0.03,-3.606,0.273,-8.161,1.182
1934,2863,3,4,5,1,0,children,1,0,0,1,2,788,464,1,0,271.2,0.7,0.45,109215.06,0.71,0.247,394.0,98.5,0,0,1,-119,9,-269.314,39,0.0,0.0,0.217,-25.841,1.954,-58.481,8.469,0.0,0.0,0.03,-3.606,0.273,-8.161,1.182
1934,2863,3,4,5,1,0,and,1,0,0,0,0,0,-788,-2,-1,271.2,0.7,0.45,109215.06,0.71,0.247,0.0,0.0,0,0,1,-119,9,-269.314,39,0.0,0.0,0.217,-25.841,1.954,-58.481,8.469,0.0,0.0,0.03,-3.606,0.273,-8.161,1.182
1934,2863,3,4,5,1,0,will,1,0,0,0,0,0,0,0,0,271.2,0.7,0.45,109215.06,0.71,0.247,0.0,0.0,0,0,1,-119,9,-269.314,39,0.0,0.0,0.217,-25.841,1.954,-58.481,8.469,0.0,0.0,0.03,-3.606,0.273,-8.161,1.182
1934,2863,3,4,5,1,0,also,1,0,0,0,0,0,0,0,0,271.2,0.7,0.45,109215.06,0.71,0.247,0.0,0.0,0,0,1,-119,9,-269.314,39,0.0,0.0,0.217,-25.841,1.954,-58.481,8.469,0.0,0.0,0.03,-3.606,0.273,-8.161,1.182
1934,2863,3,4,5,1,0,allow,1,0,0,0,0,0,0,0,0,271.2,0.7,0.45,109215.06,0.71,0.247,0.0,0.0,0,0,1,-119,9,-269.314,39,0.0,0.0,0.217,-25.841,1.954,-58.481,8.469,0.0,0.0,0.03,-3.606,0.273,-8.161,1.182
1934,2863,3,4,5,1,0,surrogate,1,0,0,0,0,0,0,0,0,271.2,0.7,0.45,109215.06,0.71,0.247,0.0,0.0,0,0,1,-119,9,-269.314,39,0.0,0.0,0.217,-25.841,1.954,-58.481,8.469,0.0,0.0,0.03,-3.606,0.273,-8.161,1.182
1934,2863,3,5,5,1,0,pregnancies,1,0,0,1,1,622,0,0,0,271.2,0.7,0.5,139651.06,0.81,0.35,207.333,56.545,0,0,1,-601,10,-271.363,39,0.0,0.0,0.219,-131.673,2.191,-59.453,8.544,0.0,0.0,0.034,-20.724,0.345,-9.357,1.345
1934,2863,3,5,5,1,0,Will,1,0,0,1,1,232,-390,0,0,271.2,0.7,0.5,139651.06,0.81,0.35,232.0,58.0,0,0,1,-601,10,-271.363,39,0.0,0.0,0.219,-131.673,2.191,-59.453,8.544,0.0,0.0,0.034,-20.724,0.345,-9.357,1.345
1934,2863,3,5,5,1,0,Grant,1,0,0,2,2,1150,918,1,1,271.2,0.7,0.5,139651.06,0.81,0.35,1150.0,230.0,0,0,1,-601,10,-271.363,39,0.0,0.0,0.219,-131.673,2.191,-59.453,8.544,0.0,0.0,0.034,-20.724,0.345,-9.357,1.345
1934,2863,3,5,5,1,0,reports,1,0,0,1,2,900,-250,0,-1,271.2,0.7,0.5,139651.06,0.81,0.35,450.0,128.571,0,0,1,-601,10,-271.363,39,0.0,0.0,0.219,-131.673,2.191,-59.453,8.544,0.0,0.0,0.034,-20.724,0.345,-9.357,1.345
1934,2863,3,5,5,1,0,The,1,0,0,0,0,0,-900,-2,-1,271.2,0.7,0.5,139651.06,0.81,0.35,0.0,0.0,0,0,1,-601,10,-271.363,39,0.0,0.0,0.219,-131.673,2.191,-59.453,8.544,0.0,0.0,0.034,-20.724,0.345,-9.357,1.345
1934,2863,3,5,5,1,0,margin,1,0,0,1,1,264,264,1,1,271.2,0.7,0.5,139651.06,0.81,0.35,132.0,44.0,0,0,1,-601,10,-271.363,39,0.0,0.0,0.219,-131.673,2.191,-59.453,8.544,0.0,0.0,0.034,-20.724,0.345,-9.357,1.345
1934,2863,3,5,5,1,0,of,1,0,0,1,1,225,-39,0,0,271.2,0.7,0.5,139651.06,0.81,0.35,225.0,112.5,0,0,1,-601,10,-271.363,39,0.0,0.0,0.219,-131.673,2.191,-59.453,8.544,0.0,0.0,0.034,-20.724,0.345,-9.357,1.345
1934,2863,3,5,5,1,0,victory,1,0,0,0,0,0,-225,-1,-1,271.2,0.7,0.5,139651.06,0.81,0.35,0.0,0.0,0,0,1,-601,10,-271.363,39,0.0,0.0,0.219,-131.673,2.191,-59.453,8.544,0.0,0.0,0.034,-20.724,0.345,-9.357,1.345
1934,2863,3,5,5,1,0,for,1,0,0,0,0,0,0,0,0,271.2,0.7,0.5,139651.06,0.81,0.35,0.0,0.0,0,0,1,-601,10,-271.363,39,0.0,0.0,0.219,-131.673,2.191,-59.453,8.544,0.0,0.0,0.034,-20.724,0.345,-9.357,1.345
1934,2863,3,5,5,1,0,the,1,0,0,0,0,0,0,0,0,271.2,0.7,0.5,139651.06,0.81,0.35,0.0,0.0,0,0,1,-601,10,-271.363,39,0.0,0.0,0.219,-131.673,2.191,-59.453,8.544,0.0,0.0,0.034,-20.724,0.345,-9.357,1.345
1934,2863,3,5,5,1,0,“Yes”,1,0,0,0,0,0,0,0,0,271.2,0.7,0.5,139651.06,0.81,0.35,0.0,0.0,0,0,1,-601,10,-271.363,39,0.0,0.0,0.219,-131.673,2.191,-59.453,8.544,0.0,0.0,0.034,-20.724,0.345,-9.357,1.345
1934,2863,3,5,5,1,0,campaign,1,0,0,1,3,919,919,3,1,271.2,0.7,0.5,139651.06,0.81,0.35,459.5,114.875,0,0,1,-601,10,-271.363,39,0.0,0.0,0.219,-131.673,2.191,-59.453,8.544,0.0,0.0,0.034,-20.724,0.345,-9.357,1.345
1934,2863,3,5,5,1,0,was,1,0,0,1,1,324,-595,-2,0,271.2,0.7,0.5,139651.06,0.81,0.35,324.0,108.0,0,0,1,-601,10,-271.363,39,0.0,0.0,0.219,-131.673,2.191,-59.453,8.544,0.0,0.0,0.034,-20.724,0.345,-9.357,1.345
1934,2863,3,5,5,1,0,as,1,0,0,0,0,0,-324,-1,-1,271.2,0.7,0.5,139651.06,0.81,0.35,0.0,0.0,0,0,1,-601,10,-271.363,39,0.0,0.0,0.219,-131.673,2.191,-59.453,8.544,0.0,0.0,0.034,-20.724,0.345,-9.357,1.345
1934,2863,3,5,5,1,0,wide,1,0,0,1,2,788,788,2,1,271.2,0.7,0.5,139651.06,0.81,0.35,788.0,197.0,0,0,1,-601,10,-271.363,39,0.0,0.0,0.219,-131.673,2.191,-59.453,8.544,0.0,0.0,0.034,-20.724,0.345,-9.357,1.345
1934,2863,3,5,5,1,0,as,1,0,0,0,0,0,-788,-2,-1,271.2,0.7,0.5,139651.06,0.81,0.35,0.0,0.0,0,0,1,-601,10,-271.363,39,0.0,0.0,0.219,-131.673,2.191,-59.453,8.544,0.0,0.0,0.034,-20.724,0.345,-9.357,1.345
1934,2863,3,5,5,1,0,the,1,0,0,0,0,0,0,0,0,271.2,0.7,0.5,139651.06,0.81,0.35,0.0,0.0,0,0,1,-601,10,-271.363,39,0.0,0.0,0.219,-131.673,2.191,-59.453,8.544,0.0,0.0,0.034,-20.724,0.345,-9.357,1.345
1934,2863,3,5,5,1,0,government,1,0,0,0,0,0,0,0,0,271.2,0.7,0.5,139651.06,0.81,0.35,0.0,0.0,0,0,1,-601,10,-271.363,39,0.0,0.0,0.219,-131.673,2.191,-59.453,8.544,0.0,0.0,0.034,-20.724,0.345,-9.357,1.345
1934,2863,3,5,5,1,0,had,1,0,0,0,0,0,0,0,0,271.2,0.7,0.5,139651.06,0.81,0.35,0.0,0.0,0,0,1,-601,10,-271.363,39,0.0,0.0,0.219,-131.673,2.191,-59.453,8.544,0.0,0.0,0.034,-20.724,0.345,-9.357,1.345
1934,2863,3,5,5,1,0,hoped,1,0,0,0,0,0,0,0,0,271.2,0.7,0.5,139651.06,0.81,0.35,0.0,0.0,0,0,1,-601,10,-271.363,39,0.0,0.0,0.219,-131.673,2.191,-59.453,8.544,0.0,0.0,0.034,-20.724,0.345,-9.357,1.345
1934,2863,3,6,5,1,0,for,1,0,0,0,0,0,0,0,0,246.545,0.636,0.5,78310.521,0.504,0.25,0.0,0.0,0,0,1,-454,11,-273.51,39,0.0,0.0,0.223,-101.144,2.451,-60.934,8.689,0.0,0.0,0.037,-16.815,0.407,-10.13,1.444
1934,2863,3,6,5,1,0,with,1,0,0,1,1,622,622,1,1,246.545,0.636,0.5,78310.521,0.504,0.25,622.0,155.5,0,0,1,-454,11,-273.51,39,0.0,0.0,0.223,-101.144,2.451,-60.934,8.689,0.0,0.0,0.037,-16.815,0.407,-10.13,1.444
1934,2863,3,6,5,1,0,more,1,0,0,1,1,232,-390,0,0,246.545,0.636,0.5,78310.521,0.504,0.25,232.0,58.0,0,0,1,-454,11,-273.51,39,0.0,0.0,0.223,-101.144,2.451,-60.934,8.689,0.0,0.0,0.037,-16.815,0.407,-10.13,1.444
1934,2863,3,6,5,1,0,than,1,0,0,1,1,510,278,0,0,246.545,0.636,0.5,78310.521,0.504,0.25,510.0,127.5,0,0,1,-454,11,-273.51,39,0.0,0.0,0.223,-101.144,2.451,-60.934,8.689,0.0,0.0,0.037,-16.815,0.407,-10.13,1.444
1934,2863,3,6,5,1,0,two,1,0,0,1,1,640,130,0,0,246.545,0.636,0.5,78310.521,0.504,0.25,640.0,213.333,0,0,1,-454,11,-273.51,39,0.0,0.0,0.223,-101.144,2.451,-60.934,8.689,0.0,0.0,0.037,-16.815,0.407,-10.13,1.444
1934,2863,3,6,5,1,0,thirds,1,0,0,1,1,326,-314,0,0,246.545,0.636,0.5,78310.521,0.504,0.25,326.0,54.333,0,0,1,-454,11,-273.51,39,0.0,0.0,0.223,-101.144,2.451,-60.934,8.689,0.0,0.0,0.037,-16.815,0.407,-10.13,1.444
1934,2863,3,6,5,1,0,of,1,0,0,1,1,574,248,0,0,246.545,0.636,0.5,78310.521,0.504,0.25,574.0,287.0,0,0,1,-454,11,-273.51,39,0.0,0.0,0.223,-101.144,2.451,-60.934,8.689,0.0,0.0,0.037,-16.815,0.407,-10.13,1.444
1934,2863,3,6,5,1,0,those,1,0,0,0,0,0,-574,-1,-1,246.545,0.636,0.5,78310.521,0.504,0.25,0.0,0.0,0,0,1,-454,11,-273.51,39,0.0,0.0,0.223,-101.144,2.451,-60.934,8.689,0.0,0.0,0.037,-16.815,0.407,-10.13,1.444
1934,2863,3,6,5,1,0,who,1,0,0,1,1,264,264,1,1,246.545,0.636,0.5,78310.521,0.504,0.25,264.0,88.0,0,0,1,-454,11,-273.51,39,0.0,0.0,0.223,-101.144,2.451,-60.934,8.689,0.0,0.0,0.037,-16.815,0.407,-10.13,1.444
1934,2863,3,6,5,1,0,voted,1,0,0,1,1,225,-39,0,0,246.545,0.636,0.5,78310.521,0.504,0.25,112.5,45.0,0,0,1,-454,11,-273.51,39,0.0,0.0,0.223,-101.144,2.451,-60.934,8.689,0.0,0.0,0.037,-16.815,0.407,-10.13,1.444
1934,2863,3,6,5,1,0,backing,1,0,0,0,0,0,-225,-1,-1,246.545,0.636,0.5,78310.521,0.504,0.25,0.0,0.0,0,0,1,-454,11,-273.51,39,0.0,0.0,0.223,-101.144,2.451,-60.934,8.689,0.0,0.0,0.037,-16.815,0.407,-10.13,1.444
1934,2863,3,6,5,1,0,the,1,0,0,0,0,0,0,0,0,246.545,0.636,0.5,78310.521,0.504,0.25,0.0,0.0,0,0,1,-454,11,-273.51,39,0.0,0.0,0.223,-101.144,2.451,-60.934,8.689,0.0,0.0,0.037,-16.815,0.407,-10.13,1.444
1934,2863,3,6,5,1,0,new,1,0,0,0,0,0,0,0,0,246.545,0.636,0.5,78310.521,0.504,0.25,0.0,0.0,0,0,1,-454,11,-273.51,39,0.0,0.0,0.223,-101.144,2.451,-60.934,8.689,0.0,0.0,0.037,-16.815,0.407,-10.13,1.444
1934,2863,3,6,5,1,0,Family,1,0,0,1,2,613,613,2,1,246.545,0.636,0.5,78310.521,0.504,0.25,204.333,102.167,0,0,1,-454,11,-273.51,39,0.0,0.0,0.223,-101.144,2.451,-60.934,8.689,0.0,0.0,0.037,-16.815,0.407,-10.13,1.444
1934,2863,3,6,5,1,0,Code,1,0,0,1,2,630,17,0,0,246.545,0.636,0.5,78310.521,0.504,0.25,630.0,157.5,0,0,1,-454,11,-273.51,39,0.0,0.0,0.223,-101.144,2.451,-60.934,8.689,0.0,0.0,0.037,-16.815,0.407,-10.13,1.444
1934,2863,3,6,5,1,0,It,1,0,0,0,0,0,-630,-2,-1,246.545,0.636,0.5,78310.521,0.504,0.25,0.0,0.0,0,0,1,-454,11,-273.51,39,0.0,0.0,0.223,-101.144,2.451,-60.934,8.689,0.0,0.0,0.037,-16.815,0.407,-10.13,1.444
1934,2863,3,6,5,1,0,means,1,0,0,1,2,788,788,2,1,246.545,0.636,0.5,78310.521,0.504,0.25,788.0,157.6,0,0,1,-454,11,-273.51,39,0.0,0.0,0.223,-101.144,2.451,-60.934,8.689,0.0,0.0,0.037,-16.815,0.407,-10.13,1.444
1934,2863,3,6,5,1,0,that,1,0,0,0,0,0,-788,-2,-1,246.545,0.636,0.5,78310.521,0.504,0.25,0.0,0.0,0,0,1,-454,11,-273.51,39,0.0,0.0,0.223,-101.144,2.451,-60.934,8.689,0.0,0.0,0.037,-16.815,0.407,-10.13,1.444
1934,2863,3,6,5,1,0,an,1,0,0,0,0,0,0,0,0,246.545,0.636,0.5,78310.521,0.504,0.25,0.0,0.0,0,0,1,-454,11,-273.51,39,0.0,0.0,0.223,-101.144,2.451,-60.934,8.689,0.0,0.0,0.037,-16.815,0.407,-10.13,1.444
1934,2863,3,6,5,1,0,island,1,0,0,0,0,0,0,0,0,246.545,0.636,0.5,78310.521,0.504,0.25,0.0,0.0,0,0,1,-454,11,-273.51,39,0.0,0.0,0.223,-101.144,2.451,-60.934,8.689,0.0,0.0,0.037,-16.815,0.407,-10.13,1.444
1934,2863,3,6,5,1,0,which,1,0,0,0,0,0,0,0,0,246.545,0.636,0.5,78310.521,0.504,0.25,0.0,0.0,0,0,1,-454,11,-273.51,39,0.0,0.0,0.223,-101.144,2.451,-60.934,8.689,0.0,0.0,0.037,-16.815,0.407,-10.13,1.444
1934,2863,3,6,5,1,0,was,1,0,0,0,0,0,0,0,0,246.545,0.636,0.5,78310.521,0.504,0.25,0.0,0.0,0,0,1,-454,11,-273.51,39,0.0,0.0,0.223,-101.144,2.451,-60.934,8.689,0.0,0.0,0.037,-16.815,0.407,-10.13,1.444
1934,2863,4,8,5,1,0,laws,1,0,0,0,0,0,0,0,0,298.889,0.778,0.722,96447.321,0.617,0.423,0.0,0.0,0,0,1,-411,13,8.802,-292,0.0,0.0,0.218,-89.443,2.829,1.915,-63.546,0.0,0.0,0.036,-14.679,0.464,0.314,-10.429
1934,2863,4,8,5,1,0,on,1,0,0,0,0,0,0,0,0,298.889,0.778,0.722,96447.321,0.617,0.423,0.0,0.0,0,0,1,-411,13,8.802,-292,0.0,0.0,0.218,-89.443,2.829,1.915,-63.546,0.0,0.0,0.036,-14.679,0.464,0.314,-10.429
1934,2863,4,8,5,1,0,same-sex,1,0,0,0,0,0,0,0,0,298.889,0.778,0.722,96447.321,0.617,0.423,0.0,0.0,0,0,1,-411,13,8.802,-292,0.0,0.0,0.218,-89.443,2.829,1.915,-63.546,0.0,0.0,0.036,-14.679,0.464,0.314,-10.429
1934,2863,4,8,5,1,0,marriage,1,0,0,1,1,492,492,1,1,298.889,0.778,0.722,96447.321,0.617,0.423,246.0,61.5,0,0,1,-411,13,8.802,-292,0.0,0.0,0.218,-89.443,2.829,1.915,-63.546,0.0,0.0,0.036,-14.679,0.464,0.314,-10.429
1934,2863,4,8,5,1,0,and,1,0,0,0,0,0,-492,-1,-1,298.889,0.778,0.722,96447.321,0.617,0.423,0.0,0.0,0,0,1,-411,13,8.802,-292,0.0,0.0,0.218,-89.443,2.829,1.915,-63.546,0.0,0.0,0.036,-14.679,0.464,0.314,-10.429
1934,2863,4,8,5,1,0,civil,1,0,0,1,1,206,206,1,1,298.889,0.778,0.722,96447.321,0.617,0.423,103.0,41.2,0,0,1,-411,13,8.802,-292,0.0,0.0,0.218,-89.443,2.829,1.915,-63.546,0.0,0.0,0.036,-14.679,0.464,0.314,-10.429
1934,2863,4,8,5,1,0,unions,1,0,0,1,1,339,133,0,0,298.889,0.778,0.722,96447.321,0.617,0.423,339.0,56.5,0,0,1,-411,13,8.802,-292,0.0,0.0,0.218,-89.443,2.829,1.915,-63.546,0.0,0.0,0.036,-14.679,0.464,0.314,-10.429
1934,2863,4,8,5,1,0,in,1,0,0,1,1,747,408,0,0,298.889,0.778,0.722,96447.321,0.617,0.423,747.0,373.5,0,0,1,-411,13,8.802,-292,0.0,0.0,0.218,-89.443,2.829,1.915,-63.546,0.0,0.0,0.036,-14.679,0.464,0.314,-10.429
1934,2863,4,8,5,1,0,Latin,1,0,0,1,1,238,-509,0,0,298.889,0.778,0.722,96447.321,0.617,0.423,238.0,47.6,0,0,1,-411,13,8.802,-292,0.0,0.0,0.218,-89.443,2.829,1.915,-63.546,0.0,0.0,0.036,-14.679,0.464,0.314,-10.429
1934,2863,4,8,5,1,0,America,1,0,0,1,1,263,25,0,0,298.889,0.778,0.722,96447.321,0.617,0.423,87.667,37.571,0,0,1,-411,13,8.802,-292,0.0,0.0,0.218,-89.443,2.829,1.915,-63.546,0.0,0.0,0.036,-14.679,0.464,0.314,-10.429
1934,2863,4,8,5,1,0,While,1,0,0,1,1,284,21,0,0,298.889,0.778,0.722,96447.321,0.617,0.423,284.0,56.8,0,0,1,-411,13,8.802,-292,0.0,0.0,0.218,-89.443,2.829,1.915,-63.546,0.0,0.0,0.036,-14.679,0.464,0.314,-10.429
1934,2863,4,8,5,1,0,casting,1,0,0,1,1,1047,763,0,0,298.889,0.778,0.722,96447.321,0.617,0.423,523.5,149.571,0,0,1,-411,13,8.802,-292,0.0,0.0,0.218,-89.443,2.829,1.915,-63.546,0.0,0.0,0.036,-14.679,0.464,0.314,-10.429
1934,2863,4,8,5,1,0,his,1,0,0,0,0,0,-1047,-1,-1,298.889,0.778,0.722,96447.321,0.617,0.423,0.0,0.0,0,0,1,-411,13,8.802,-292,0.0,0.0,0.218,-89.443,2.829,1.915,-63.546,0.0,0.0,0.036,-14.679,0.464,0.314,-10.429
1934,2863,4,8,5,1,0,own,1,0,0,0,0,0,0,0,0,298.889,0.778,0.722,96447.321,0.617,0.423,0.0,0.0,0,0,1,-411,13,8.802,-292,0.0,0.0,0.218,-89.443,2.829,1.915,-63.546,0.0,0.0,0.036,-14.679,0.464,0.314,-10.429
1934,2863,4,8,5,1,0,ballot,1,0,0,2,3,755,755,3,2,298.889,0.778,0.722,96447.321,0.617,0.423,377.5,125.833,0,0,1,-411,13,8.802,-292,0.0,0.0,0.218,-89.443,2.829,1.915,-63.546,0.0,0.0,0.036,-14.679,0.464,0.314,-10.429
1934,2863,4,8,5,1,0,president,1,0,0,2,2,554,-201,-1,0,298.889,0.778,0.722,96447.321,0.617,0.423,184.667,61.556,0,0,1,-411,13,8.802,-292,0.0,0.0,0.218,-89.443,2.829,1.915,-63.546,0.0,0.0,0.036,-14.679,0.464,0.314,-10.429
1934,2863,4,8,5,1,0,Miguel,1,0,0,0,0,0,-554,-2,-2,298.889,0.778,0.722,96447.321,0.617,0.423,0.0,0.0,0,0,1,-411,13,8.802,-292,0.0,0.0,0.218,-89.443,2.829,1.915,-63.546,0.0,0.0,0.036,-14.679,0.464,0.314,-10.429
1934,2863,4,8,5,1,0,Díaz-Canel,1,0,0,1,1,455,455,1,1,298.889,0.778,0.722,96447.321,0.617,0.423,227.5,45.5,0,0,1,-411,13,8.802,-292,0.0,0.0,0.218,-89.443,2.829,1.915,-63.546,0.0,0.0,0.036,-14.679,0.464,0.314,-10.429
1934,2863,4,9,5,1,0,had,1,0,0,0,0,0,0,0,0,316.471,0.824,0.647,115844.367,0.851,0.464,0.0,0.0,0,0,1,-150,11,6.509,-292,0.0,0.0,0.215,-32.297,2.368,1.402,-62.872,0.0,0.0,0.031,-4.688,0.344,0.203,-9.125
1934,2863,4,9,5,1,0,acknowledged,1,0,0,0,0,0,0,0,0,316.471,0.824,0.647,115844.367,0.851,0.464,0.0,0.0,0,0,1,-150,11,6.509,-292,0.0,0.0,0.215,-32.297,2.368,1.402,-62.872,0.0,0.0,0.031,-4.688,0.344,0.203,-9.125
1934,2863,4,9,5,1,0,the,1,0,0,0,0,0,0,0,0,316.471,0.824,0.647,115844.367,0.851,0.464,0.0,0.0,0,0,1,-150,11,6.509,-292,0.0,0.0,0.215,-32.297,2.368,1.402,-62.872,0.0,0.0,0.031,-4.688,0.344,0.203,-9.125
1934,2863,4,9,5,1,0,anti-government,1,0,0,1,2,698,698,2,1,316.471,0.824,0.647,115844.367,0.851,0.464,232.667,46.533,0,0,1,-150,11,6.509,-292,0.0,0.0,0.215,-32.297,2.368,1.402,-62.872,0.0,0.0,0.031,-4.688,0.344,0.203,-9.125
1934,2863,4,9,5,1,0,vote,1,0,0,1,1,339,-359,-1,0,316.471,0.824,0.647,115844.367,0.851,0.464,339.0,84.75,0,0,1,-150,11,6.509,-292,0.0,0.0,0.215,-32.297,2.368,1.402,-62.872,0.0,0.0,0.031,-4.688,0.344,0.203,-9.125
1934,2863,4,9,5,1,0,might,1,0,0,1,1,747,408,0,0,316.471,0.824,0.647,115844.367,0.851,0.464,747.0,149.4,0,0,1,-150,11,6.509,-292,0.0,0.0,0.215,-32.297,2.368,1.402,-62.872,0.0,0.0,0.031,-4.688,0.344,0.203,-9.125
1934,2863,4,9,5,1,0,influence,1,0,0,1,2,501,-246,1,0,316.471,0.824,0.647,115844.367,0.851,0.464,167.0,55.667,0,0,1,-150,11,6.509,-292,0.0,0.0,0.215,-32.297,2.368,1.402,-62.872,0.0,0.0,0.031,-4.688,0.344,0.203,-9.125
1934,2863,4,9,5,1,0,the,1,0,0,1,1,284,-217,-1,0,316.471,0.824,0.647,115844.367,0.851,0.464,284.0,94.667,0,0,1,-150,11,6.509,-292,0.0,0.0,0.215,-32.297,2.368,1.402,-62.872,0.0,0.0,0.031,-4.688,0.344,0.203,-9.125
1934,2863,4,9,5,1,0,final,1,0,0,0,0,0,-284,-1,-1,316.471,0.824,0.647,115844.367,0.851,0.464,0.0,0.0,0,0,1,-150,11,6.509,-292,0.0,0.0,0.215,-32.297,2.368,1.402,-62.872,0.0,0.0,0.031,-4.688,0.344,0.203,-9.125
1934,2863,4,9,5,1,0,result,1,0,0,1,1,1047,1047,1,1,316.471,0.824,0.647,115844.367,0.851,0.464,523.5,174.5,0,0,1,-150,11,6.509,-292,0.0,0.0,0.215,-32.297,2.368,1.402,-62.872,0.0,0.0,0.031,-4.688,0.344,0.203,-9.125
1934,2863,4,9,5,1,0,The,1,0,0,0,0,0,-1047,-1,-1,316.471,0.824,0.647,115844.367,0.851,0.464,0.0,0.0,0,0,1,-150,11,6.509,-292,0.0,0.0,0.215,-32.297,2.368,1.402,-62.872,0.0,0.0,0.031,-4.688,0.344,0.203,-9.125
1934,2863,4,9,5,1,0,evangelical,1,0,0,2,3,755,755,3,2,316.471,0.824,0.647,115844.367,0.851,0.464,188.75,68.636,0,0,1,-150,11,6.509,-292,0.0,0.0,0.215,-32.297,2.368,1.402,-62.872,0.0,0.0,0.031,-4.688,0.344,0.203,-9.125
1934,2863,4,9,5,1,0,church,1,0,0,2,2,554,-201,-1,0,316.471,0.824,0.647,115844.367,0.851,0.464,554.0,92.333,0,0,1,-150,11,6.509,-292,0.0,0.0,0.215,-32.297,2.368,1.402,-62.872,0.0,0.0,0.031,-4.688,0.344,0.203,-9.125
1934,2863,4,9,5,1,0,in,1,0,0,0,0,0,-554,-2,-2,316.471,0.824,0.647,115844.367,0.851,0.464,0.0,0.0,0,0,1,-150,11,6.509,-292,0.0,0.0,0.215,-32.297,2.368,1.402,-62.872,0.0,0.0,0.031,-4.688,0.344,0.203,-9.125
1934,2863,4,9,5,1,0,Cuba,1,0,0,0,0,0,0,0,0,316.471,0.824,0.647,115844.367,0.851,0.464,0.0,0.0,0,0,1,-150,11,6.509,-292,0.0,0.0,0.215,-32.297,2.368,1.402,-62.872,0.0,0.0,0.031,-4.688,0.344,0.203,-9.125
1934,2863,4,9,5,1,0,was,1,0,0,0,0,0,0,0,0,316.471,0.824,0.647,115844.367,0.851,0.464,0.0,0.0,0,0,1,-150,11,6.509,-292,0.0,0.0,0.215,-32.297,2.368,1.402,-62.872,0.0,0.0,0.031,-4.688,0.344,0.203,-9.125
1934,2863,4,9,5,1,0,especially,1,0,0,1,1,455,455,1,1,316.471,0.824,0.647,115844.367,0.851,0.464,113.75,45.5,0,0,1,-150,11,6.509,-292,0.0,0.0,0.215,-32.297,2.368,1.402,-62.872,0.0,0.0,0.031,-4.688,0.344,0.203,-9.125
1934,2863,4,10,5,1,0,vocal,1,0,0,0,0,0,0,0,0,256.19,0.667,0.619,93608.059,0.603,0.426,0.0,0.0,0,0,1,-411,13,8.802,-292,0.0,0.0,0.218,-89.641,2.835,1.92,-63.686,0.0,0.0,0.029,-12.088,0.382,0.259,-8.588
1934,2863,4,10,5,1,0,in,1,0,0,0,0,0,0,0,0,256.19,0.667,0.619,93608.059,0.603,0.426,0.0,0.0,0,0,1,-411,13,8.802,-292,0.0,0.0,0.218,-89.641,2.835,1.92,-63.686,0.0,0.0,0.029,-12.088,0.382,0.259,-8.588
1934,2863,4,10,5,1,0,its,1,0,0,0,0,0,0,0,0,256.19,0.667,0.619,93608.059,0.603,0.426,0.0,0.0,0,0,1,-411,13,8.802,-292,0.0,0.0,0.218,-89.641,2.835,1.92,-63.686,0.0,0.0,0.029,-12.088,0.382,0.259,-8.588
1934,2863,4,10,5,1,0,opposition,1,0,0,0,0,0,0,0,0,256.19,0.667,0.619,93608.059,0.603,0.426,0.0,0.0,0,0,1,-411,13,8.802,-292,0.0,0.0,0.218,-89.641,2.835,1.92,-63.686,0.0,0.0,0.029,-12.088,0.382,0.259,-8.588
1934,2863,4,10,5,1,0,Medical,1,0,0,1,1,492,492,1,1,256.19,0.667,0.619,93608.059,0.603,0.426,164.0,70.286,0,0,1,-411,13,8.802,-292,0.0,0.0,0.218,-89.641,2.835,1.92,-63.686,0.0,0.0,0.029,-12.088,0.382,0.259,-8.588
1934,2863,4,10,5,1,0,interns,1,0,0,1,1,206,-286,0,0,256.19,0.667,0.619,93608.059,0.603,0.426,103.0,29.429,0,0,1,-411,13,8.802,-292,0.0,0.0,0.218,-89.641,2.835,1.92,-63.686,0.0,0.0,0.029,-12.088,0.382,0.259,-8.588
1934,2863,4,10,5,1,0,have,1,0,0,1,1,339,133,0,0,256.19,0.667,0.619,93608.059,0.603,0.426,339.0,84.75,0,0,1,-411,13,8.802,-292,0.0,0.0,0.218,-89.641,2.835,1.92,-63.686,0.0,0.0,0.029,-12.088,0.382,0.259,-8.588
1934,2863,4,10,5,1,0,gone,1,0,0,1,1,747,408,0,0,256.19,0.667,0.619,93608.059,0.603,0.426,747.0,186.75,0,0,1,-411,13,8.802,-292,0.0,0.0,0.218,-89.641,2.835,1.92,-63.686,0.0,0.0,0.029,-12.088,0.382,0.259,-8.588
1934,2863,4,10,5,1,0,on,1,0,0,1,1,238,-509,0,0,256.19,0.667,0.619,93608.059,0.603,0.426,238.0,119.0,0,0,1,-411,13,8.802,-292,0.0,0.0,0.218,-89.641,2.835,1.92,-63.686,0.0,0.0,0.029,-12.088,0.382,0.259,-8.588
1934,2863,4,10,5,1,0,strike,1,0,0,1,1,263,25,0,0,256.19,0.667,0.619,93608.059,0.603,0.426,263.0,43.833,0,0,1,-411,13,8.802,-292,0.0,0.0,0.218,-89.641,2.835,1.92,-63.686,0.0,0.0,0.029,-12.088,0.382,0.259,-8.588
1934,2863,4,10,5,1,0,at,1,0,0,0,0,0,-263,-1,-1,256.19,0.667,0.619,93608.059,0.603,0.426,0.0,0.0,0,0,1,-411,13,8.802,-292,0.0,0.0,0.218,-89.641,2.835,1.92,-63.686,0.0,0.0,0.029,-12.088,0.382,0.259,-8.588
1934,2863,4,10,5,1,0,a,1,0,0,1,1,284,284,1,1,256.19,0.667,0.619,93608.059,0.603,0.426,284.0,284.0,0,0,1,-411,13,8.802,-292,0.0,0.0,0.218,-89.641,2.835,1.92,-63.686,0.0,0.0,0.029,-12.088,0.382,0.259,-8.588
1934,2863,4,10,5,1,0,hospital,1,0,0,1,1,1047,763,0,0,256.19,0.667,0.619,93608.059,0.603,0.426,349.0,130.875,0,0,1,-411,13,8.802,-292,0.0,0.0,0.218,-89.641,2.835,1.92,-63.686,0.0,0.0,0.029,-12.088,0.382,0.259,-8.588
1934,2863,4,10,5,1,0,in,1,0,0,0,0,0,-1047,-1,-1,256.19,0.667,0.619,93608.059,0.603,0.426,0.0,0.0,0,0,1,-411,13,8.802,-292,0.0,0.0,0.218,-89.641,2.835,1.92,-63.686,0.0,0.0,0.029,-12.088,0.382,0.259,-8.588
1934,2863,4,10,5,1,0,central,1,0,0,0,0,0,0,0,0,256.19,0.667,0.619,93608.059,0.603,0.426,0.0,0.0,0,0,1,-411,13,8.802,-292,0.0,0.0,0.218,-89.641,2.835,1.92,-63.686,0.0,0.0,0.029,-12.088,0.382,0.259,-8.588
1934,2863,4,10,5,1,0,Uganda,1,0,0,2,3,755,755,3,2,256.19,0.667,0.619,93608.059,0.603,0.426,377.5,125.833,0,0,1,-411,13,8.802,-292,0.0,0.0,0.218,-89.641,2.835,1.92,-63.686,0.0,0.0,0.029,-12.088,0.382,0.259,-8.588
1934,2863,4,10,5,1,0,where,1,0,0,2,2,554,-201,-1,0,256.19,0.667,0.619,93608.059,0.603,0.426,554.0,110.8,0,0,1,-411,13,8.802,-292,0.0,0.0,0.218,-89.641,2.835,1.92,-63.686,0.0,0.0,0.029,-12.088,0.382,0.259,-8.588
1934,2863,4,10,5,1,0,an,1,0,0,0,0,0,-554,-2,-2,256.19,0.667,0.619,93608.059,0.603,0.426,0.0,0.0,0,0,1,-411,13,8.802,-292,0.0,0.0,0.218,-89.641,2.835,1.92,-63.686,0.0,0.0,0.029,-12.088,0.382,0.259,-8.588
1934,2863,4,10,5,1,0,Ebola,0,0,0,0,0,0,0,0,0,256.19,0.667,0.619,93608.059,0.603,0.426,0.0,0.0,0,0,1,-411,13,8.802,-292,0.0,0.0,0.218,-89.641,2.835,1.92,-63.686,0.0,0.0,0.029,-12.088,0.382,0.259,-8.588
1934,2863,4,10,5,1,0,outbreak,0,0,0,1,1,455,455,1,1,256.19,0.667,0.619,93608.059,0.603,0.426,227.5,56.875,0,0,1,-411,13,8.802,-292,0.0,0.0,0.218,-89.641,2.835,1.92,-63.686,0.0,0.0,0.029,-12.088,0.382,0.259,-8.588
1934,2863,4,10,5,1,0,is,1,0,0,0,0,0,-455,-1,-1,256.19,0.667,0.619,93608.059,0.603,0.426,0.0,0.0,0,0,1,-411,13,8.802,-292,0.0,0.0,0.218,-89.641,2.835,1.92,-63.686,0.0,0.0,0.029,-12.088,0.382,0.259,-8.588
1934,2863,5,10,5,1,0,vocal,1,0,0,0,0,0,0,0,0,384.095,1.238,0.857,181958.658,1.705,0.789,0.0,0.0,0,0,1,-43,18,-116.045,84,0.0,0.0,0.218,-9.378,3.926,-25.31,18.321,0.0,0.0,0.029,-1.265,0.529,-3.413,2.471
1934,2863,5,10,5,1,0,in,1,0,0,0,0,0,0,0,0,384.095,1.238,0.857,181958.658,1.705,0.789,0.0,0.0,0,0,1,-43,18,-116.045,84,0.0,0.0,0.218,-9.378,3.926,-25.31,18.321,0.0,0.0,0.029,-1.265,0.529,-3.413,2.471
1934,2863,5,10,5,1,0,its,1,0,0,0,0,0,0,0,0,384.095,1.238,0.857,181958.658,1.705,0.789,0.0,0.0,0,0,1,-43,18,-116.045,84,0.0,0.0,0.218,-9.378,3.926,-25.31,18.321,0.0,0.0,0.029,-1.265,0.529,-3.413,2.471
1934,2863,5,10,5,1,0,opposition,1,0,0,1,4,1070,1070,4,1,384.095,1.238,0.857,181958.658,1.705,0.789,267.5,107.0,0,0,1,-43,18,-116.045,84,0.0,0.0,0.218,-9.378,3.926,-25.31,18.321,0.0,0.0,0.029,-1.265,0.529,-3.413,2.471
1934,2863,5,10,5,1,0,Medical,1,0,0,2,3,893,-177,-1,1,384.095,1.238,0.857,181958.658,1.705,0.789,297.667,127.571,0,0,1,-43,18,-116.045,84,0.0,0.0,0.218,-9.378,3.926,-25.31,18.321,0.0,0.0,0.029,-1.265,0.529,-3.413,2.471
1934,2863,5,10,5,1,0,interns,1,0,0,1,1,213,-680,-2,-1,384.095,1.238,0.857,181958.658,1.705,0.789,106.5,30.429,0,0,1,-43,18,-116.045,84,0.0,0.0,0.218,-9.378,3.926,-25.31,18.321,0.0,0.0,0.029,-1.265,0.529,-3.413,2.471
1934,2863,5,10,5,1,0,have,1,0,0,1,1,262,49,0,0,384.095,1.238,0.857,181958.658,1.705,0.789,262.0,65.5,0,0,1,-43,18,-116.045,84,0.0,0.0,0.218,-9.378,3.926,-25.31,18.321,0.0,0.0,0.029,-1.265,0.529,-3.413,2.471
1934,2863,5,10,5,1,0,gone,1,0,0,1,1,348,86,0,0,384.095,1.238,0.857,181958.658,1.705,0.789,348.0,87.0,0,0,1,-43,18,-116.045,84,0.0,0.0,0.218,-9.378,3.926,-25.31,18.321,0.0,0.0,0.029,-1.265,0.529,-3.413,2.471
1934,2863,5,10,5,1,0,on,1,0,0,0,0,0,-348,-1,-1,384.095,1.238,0.857,181958.658,1.705,0.789,0.0,0.0,0,0,1,-43,18,-116.045,84,0.0,0.0,0.218,-9.378,3.926,-25.31,18.321,0.0,0.0,0.029,-1.265,0.529,-3.413,2.471
1934,2863,5,10,5,1,0,strike,1,0,0,2,3,930,930,3,2,384.095,1.238,0.857,181958.658,1.705,0.789,930.0,155.0,0,0,1,-43,18,-116.045,84,0.0,0.0,0.218,-9.378,3.926,-25.31,18.321,0.0,0.0,0.029,-1.265,0.529,-3.413,2.471
1934,2863,5,10,5,1,0,at,1,0,0,3,3,1312,382,0,1,384.095,1.238,0.857,181958.658,1.705,0.789,1312.0,656.0,0,0,1,-43,18,-116.045,84,0.0,0.0,0.218,-9.378,3.926,-25.31,18.321,0.0,0.0,0.029,-1.265,0.529,-3.413,2.471
1934,2863,5,10,5,1,0,a,1,0,0,1,1,257,-1055,-2,-2,384.095,1.238,0.857,181958.658,1.705,0.789,257.0,257.0,0,0,1,-43,18,-116.045,84,0.0,0.0,0.218,-9.378,3.926,-25.31,18.321,0.0,0.0,0.029,-1.265,0.529,-3.413,2.471
1934,2863,5,10,5,1,0,hospital,1,0,0,2,2,974,717,1,1,384.095,1.238,0.857,181958.658,1.705,0.789,324.667,121.75,0,0,1,-43,18,-116.045,84,0.0,0.0,0.218,-9.378,3.926,-25.31,18.321,0.0,0.0,0.029,-1.265,0.529,-3.413,2.471
1934,2863,5,10,5,1,0,in,1,0,0,0,0,0,-974,-2,-2,384.095,1.238,0.857,181958.658,1.705,0.789,0.0,0.0,0,0,1,-43,18,-116.045,84,0.0,0.0,0.218,-9.378,3.926,-25.31,18.321,0.0,0.0,0.029,-1.265,0.529,-3.413,2.471
1934,2863,5,10,5,1,0,central,1,0,0,1,2,422,422,2,1,384.095,1.238,0.857,181958.658,1.705,0.789,211.0,60.286,0,0,1,-43,18,-116.045,84,0.0,0.0,0.218,-9.378,3.926,-25.31,18.321,0.0,0.0,0.029,-1.265,0.529,-3.413,2.471
1934,2863,5,10,5,1,0,Uganda,1,0,0,0,0,0,-422,-2,-1,384.095,1.238,0.857,181958.658,1.705,0.789,0.0,0.0,0,0,1,-43,18,-116.045,84,0.0,0.0,0.218,-9.378,3.926,-25.31,18.321,0.0,0.0,0.029,-1.265,0.529,-3.413,2.471
1934,2863,5,10,5,1,0,where,1,0,0,2,3,650,650,3,2,384.095,1.238,0.857,181958.658,1.705,0.789,650.0,130.0,0,0,1,-43,18,-116.045,84,0.0,0.0,0.218,-9.378,3.926,-25.31,18.321,0.0,0.0,0.029,-1.265,0.529,-3.413,2.471
1934,2863,5,10,5,1,0,an,1,0,0,0,0,0,-650,-3,-2,384.095,1.238,0.857,181958.658,1.705,0.789,0.0,0.0,0,0,1,-43,18,-116.045,84,0.0,0.0,0.218,-9.378,3.926,-25.31,18.321,0.0,0.0,0.029,-1.265,0.529,-3.413,2.471
1934,2863,5,10,5,1,0,Ebola,0,0,0,1,2,735,735,2,1,384.095,1.238,0.857,181958.658,1.705,0.789,367.5,147.0,0,0,1,-43,18,-116.045,84,0.0,0.0,0.218,-9.378,3.926,-25.31,18.321,0.0,0.0,0.029,-1.265,0.529,-3.413,2.471
1934,2863,5,10,5,1,0,outbreak,0,0,0,0,0,0,-735,-2,-1,384.095,1.238,0.857,181958.658,1.705,0.789,0.0,0.0,0,0,1,-43,18,-116.045,84,0.0,0.0,0.218,-9.378,3.926,-25.31,18.321,0.0,0.0,0.029,-1.265,0.529,-3.413,2.471
1934,2863,5,10,5,1,0,is,1,0,0,0,0,0,0,0,0,384.095,1.238,0.857,181958.658,1.705,0.789,0.0,0.0,0,0,1,-43,18,-116.045,84,0.0,0.0,0.218,-9.378,3.926,-25.31,18.321,0.0,0.0,0.029,-1.265,0.529,-3.413,2.471
1934,2863,5,11,5,1,0,continuing,1,0,0,0,0,0,0,0,0,448.111,1.444,1.167,221826.21,1.469,1.139,0.0,0.0,0,0,1,-190,21,-142.578,84,0.0,0.0,0.218,-41.348,4.57,-31.028,18.28,0.0,0.0,0.033,-6.333,0.7,-4.753,2.8
1934,2863,5,11,5,1,0,to,1,0,0,1,1,209,209,1,1,448.111,1.444,1.167,221826.21,1.469,1.139,209.0,104.5,0,0,1,-190,21,-142.578,84,0.0,0.0,0.218,-41.348,4.57,-31.028,18.28,0.0,0.0,0.033,-6.333,0.7,-4.753,2.8
1934,2863,5,11,5,1,0,spread,1,0,0,2,2,487,278,1,1,448.111,1.444,1.167,221826.21,1.469,1.139,487.0,81.167,0,0,1,-190,21,-142.578,84,0.0,0.0,0.218,-41.348,4.57,-31.028,18.28,0.0,0.0,0.033,-6.333,0.7,-4.753,2.8
1934,2863,5,11,5,1,0,The,1,0,0,2,3,1059,572,1,0,448.111,1.444,1.167,221826.21,1.469,1.139,1059.0,353.0,0,0,1,-190,21,-142.578,84,0.0,0.0,0.218,-41.348,4.57,-31.028,18.28,0.0,0.0,0.033,-6.333,0.7,-4.753,2.8
1934,2863,5,11,5,1,0,34,1,0,0,0,0,0,-1059,-3,-2,448.111,1.444,1.167,221826.21,1.469,1.139,0.0,0.0,0,0,1,-190,21,-142.578,84,0.0,0.0,0.218,-41.348,4.57,-31.028,18.28,0.0,0.0,0.033,-6.333,0.7,-4.753,2.8
1934,2863,5,11,5,1,0,trainee,1,0,0,1,2,421,421,2,1,448.111,1.444,1.167,221826.21,1.469,1.139,421.0,60.143,0,0,1,-190,21,-142.578,84,0.0,0.0,0.218,-41.348,4.57,-31.028,18.28,0.0,0.0,0.033,-6.333,0.7,-4.753,2.8
1934,2863,5,11,5,1,0,doctors,1,0,0,1,1,262,-159,-1,0,448.111,1.444,1.167,221826.21,1.469,1.139,131.0,37.429,0,0,1,-190,21,-142.578,84,0.0,0.0,0.218,-41.348,4.57,-31.028,18.28,0.0,0.0,0.033,-6.333,0.7,-4.753,2.8
1934,2863,5,11,5,1,0,pharmacists,1,0,0,1,3,959,697,2,0,448.111,1.444,1.167,221826.21,1.469,1.139,319.667,87.182,0,0,1,-190,21,-142.578,84,0.0,0.0,0.218,-41.348,4.57,-31.028,18.28,0.0,0.0,0.033,-6.333,0.7,-4.753,2.8
1934,2863,5,11,5,1,0,and,1,0,0,4,4,1631,672,1,3,448.111,1.444,1.167,221826.21,1.469,1.139,1631.0,543.667,0,0,1,-190,21,-142.578,84,0.0,0.0,0.218,-41.348,4.57,-31.028,18.28,0.0,0.0,0.033,-6.333,0.7,-4.753,2.8
1934,2863,5,11,5,1,0,nurses,1,0,0,3,3,1231,-400,-1,-1,448.111,1.444,1.167,221826.21,1.469,1.139,615.5,205.167,0,0,1,-190,21,-142.578,84,0.0,0.0,0.218,-41.348,4.57,-31.028,18.28,0.0,0.0,0.033,-6.333,0.7,-4.753,2.8
1934,2863,5,11,5,1,0,accused,1,0,0,1,1,217,-1014,-2,-2,448.111,1.444,1.167,221826.21,1.469,1.139,108.5,31.0,0,0,1,-190,21,-142.578,84,0.0,0.0,0.218,-41.348,4.57,-31.028,18.28,0.0,0.0,0.033,-6.333,0.7,-4.753,2.8
1934,2863,5,11,5,1,0,the,1,0,0,1,1,205,-12,0,0,448.111,1.444,1.167,221826.21,1.469,1.139,205.0,68.333,0,0,1,-190,21,-142.578,84,0.0,0.0,0.218,-41.348,4.57,-31.028,18.28,0.0,0.0,0.033,-6.333,0.7,-4.753,2.8
1934,2863,5,11,5,1,0,government,1,0,0,2,2,433,228,1,1,448.111,1.444,1.167,221826.21,1.469,1.139,144.333,43.3,0,0,1,-190,21,-142.578,84,0.0,0.0,0.218,-41.348,4.57,-31.028,18.28,0.0,0.0,0.033,-6.333,0.7,-4.753,2.8
1934,2863,5,11,5,1,0,of,1,0,0,0,0,0,-433,-2,-2,448.111,1.444,1.167,221826.21,1.469,1.139,0.0,0.0,0,0,1,-190,21,-142.578,84,0.0,0.0,0.218,-41.348,4.57,-31.028,18.28,0.0,0.0,0.033,-6.333,0.7,-4.753,2.8
1934,2863,5,11,5,1,0,not,1,0,0,1,1,217,217,1,1,448.111,1.444,1.167,221826.21,1.469,1.139,217.0,72.333,0,0,1,-190,21,-142.578,84,0.0,0.0,0.218,-41.348,4.57,-31.028,18.28,0.0,0.0,0.033,-6.333,0.7,-4.753,2.8
1934,2863,5,11,5,1,0,providing,1,0,0,1,2,735,518,1,0,448.111,1.444,1.167,221826.21,1.469,1.139,245.0,81.667,0,0,1,-190,21,-142.578,84,0.0,0.0,0.218,-41.348,4.57,-31.028,18.28,0.0,0.0,0.033,-6.333,0.7,-4.753,2.8
1934,2863,5,11,5,1,0,them,1,0,0,0,0,0,-735,-2,-1,448.111,1.444,1.167,221826.21,1.469,1.139,0.0,0.0,0,0,1,-190,21,-142.578,84,0.0,0.0,0.218,-41.348,4.57,-31.028,18.28,0.0,0.0,0.033,-6.333,0.7,-4.753,2.8
1934,2863,5,11,5,1,0,with,1,0,0,0,0,0,0,0,0,448.111,1.444,1.167,221826.21,1.469,1.139,0.0,0.0,0,0,1,-190,21,-142.578,84,0.0,0.0,0.218,-41.348,4.57,-31.028,18.28,0.0,0.0,0.033,-6.333,0.7,-4.753,2.8
1934,2863,5,12,5,1,0,appropriate,1,0,0,0,0,0,0,0,0,448.111,1.444,1.111,160733.099,1.136,0.543,0.0,0.0,0,0,1,179,20,-136.25,84,0.0,0.0,0.215,38.541,4.306,-29.337,18.086,0.0,0.0,0.03,5.424,0.606,-4.129,2.545
1934,2863,5,12,5,1,0,safety,1,0,0,1,2,461,461,2,1,448.111,1.444,1.111,160733.099,1.136,0.543,230.5,76.833,0,0,1,179,20,-136.25,84,0.0,0.0,0.215,38.541,4.306,-29.337,18.086,0.0,0.0,0.03,5.424,0.606,-4.129,2.545
1934,2863,5,12,5,1,0,kits,1,0,0,1,1,235,-226,-1,0,448.111,1.444,1.111,160733.099,1.136,0.543,235.0,58.75,0,0,1,179,20,-136.25,84,0.0,0.0,0.215,38.541,4.306,-29.337,18.086,0.0,0.0,0.03,5.424,0.606,-4.129,2.545
1934,2863,5,12,5,1,0,risk,1,0,0,2,3,1059,824,2,1,448.111,1.444,1.111,160733.099,1.136,0.543,1059.0,264.75,0,0,1,179,20,-136.25,84,0.0,0.0,0.215,38.541,4.306,-29.337,18.086,0.0,0.0,0.03,5.424,0.606,-4.129,2.545
1934,2863,5,12,5,1,0,allowances,1,0,0,1,2,421,-638,-1,-1,448.111,1.444,1.111,160733.099,1.136,0.543,210.5,42.1,0,0,1,179,20,-136.25,84,0.0,0.0,0.215,38.541,4.306,-29.337,18.086,0.0,0.0,0.03,5.424,0.606,-4.129,2.545
1934,2863,5,12,5,1,0,and,1,0,0,1,1,262,-159,-1,0,448.111,1.444,1.111,160733.099,1.136,0.543,262.0,87.333,0,0,1,179,20,-136.25,84,0.0,0.0,0.215,38.541,4.306,-29.337,18.086,0.0,0.0,0.03,5.424,0.606,-4.129,2.545
1934,2863,5,12,5,1,0,health,1,0,0,1,1,348,86,0,0,448.111,1.444,1.111,160733.099,1.136,0.543,348.0,58.0,0,0,1,179,20,-136.25,84,0.0,0.0,0.215,38.541,4.306,-29.337,18.086,0.0,0.0,0.03,5.424,0.606,-4.129,2.545
1934,2863,5,12,5,1,0,insurance,1,0,0,2,3,930,582,2,1,448.111,1.444,1.111,160733.099,1.136,0.543,310.0,103.333,0,0,1,179,20,-136.25,84,0.0,0.0,0.215,38.541,4.306,-29.337,18.086,0.0,0.0,0.03,5.424,0.606,-4.129,2.545
1934,2863,5,12,5,1,0,Six,1,0,0,3,4,1569,639,1,1,448.111,1.444,1.111,160733.099,1.136,0.543,1569.0,523.0,0,0,1,179,20,-136.25,84,0.0,0.0,0.215,38.541,4.306,-29.337,18.086,0.0,0.0,0.03,5.424,0.606,-4.129,2.545
1934,2863,5,12,5,1,0,of,1,0,0,1,1,695,-874,-3,-2,448.111,1.444,1.111,160733.099,1.136,0.543,695.0,347.5,0,0,1,179,20,-136.25,84,0.0,0.0,0.215,38.541,4.306,-29.337,18.086,0.0,0.0,0.03,5.424,0.606,-4.129,2.545
1934,2863,5,12,5,1,0,the,1,0,0,1,1,279,-416,0,0,448.111,1.444,1.111,160733.099,1.136,0.543,279.0,93.0,0,0,1,179,20,-136.25,84,0.0,0.0,0.215,38.541,4.306,-29.337,18.086,0.0,0.0,0.03,5.424,0.606,-4.129,2.545
1934,2863,5,12,5,1,0,intern,1,0,0,1,1,217,-62,0,0,448.111,1.444,1.111,160733.099,1.136,0.543,108.5,36.167,0,0,1,179,20,-136.25,84,0.0,0.0,0.215,38.541,4.306,-29.337,18.086,0.0,0.0,0.03,5.424,0.606,-4.129,2.545
1934,2863,5,12,5,1,0,medical,1,0,0,1,1,205,-12,0,0,448.111,1.444,1.111,160733.099,1.136,0.543,68.333,29.286,0,0,1,179,20,-136.25,84,0.0,0.0,0.215,38.541,4.306,-29.337,18.086,0.0,0.0,0.03,5.424,0.606,-4.129,2.545
1934,2863,5,12,5,1,0,workers,1,0,0,2,2,433,228,1,1,448.111,1.444,1.111,160733.099,1.136,0.543,216.5,61.857,0,0,1,179,20,-136.25,84,0.0,0.0,0.215,38.541,4.306,-29.337,18.086,0.0,0.0,0.03,5.424,0.606,-4.129,2.545
1934,2863,5,12,5,1,0,are,1,0,0,1,1,217,-216,-1,-1,448.111,1.444,1.111,160733.099,1.136,0.543,217.0,72.333,0,0,1,179,20,-136.25,84,0.0,0.0,0.215,38.541,4.306,-29.337,18.086,0.0,0.0,0.03,5.424,0.606,-4.129,2.545
1934,2863,5,12,5,1,0,currently,1,0,0,1,2,735,518,1,0,448.111,1.444,1.111,160733.099,1.136,0.543,245.0,81.667,0,0,1,179,20,-136.25,84,0.0,0.0,0.215,38.541,4.306,-29.337,18.086,0.0,0.0,0.03,5.424,0.606,-4.129,2.545
1934,2863,5,12,5,1,0,in,1,0,0,0,0,0,-735,-2,-1,448.111,1.444,1.111,160733.099,1.136,0.543,0.0,0.0,0,0,1,179,20,-136.25,84,0.0,0.0,0.215,38.541,4.306,-29.337,18.086,0.0,0.0,0.03,5.424,0.606,-4.129,2.545
1934,2863,5,12,5,1,0,isolation,1,0,0,0,0,0,0,0,0,448.111,1.444,1.111,160733.099,1.136,0.543,0.0,0.0,0,0,1,179,20,-136.25,84,0.0,0.0,0.215,38.541,4.306,-29.337,18.086,0.0,0.0,0.03,5.424,0.606,-4.129,2.545
1934,2863,6,13,5,1,0,waiting,1,0,0,1,3,1251,0,0,0,187.55,0.55,0.4,111514.848,0.748,0.34,625.5,178.714,0,0,1,148,8,-25.358,101,0.0,0.0,0.216,32.0,1.73,-5.483,21.838,0.0,0.0,0.033,4.933,0.267,-0.845,3.367
1934,2863,6,13,5,1,0,to,1,0,0,0,0,0,-1251,-3,-1,187.55,0.55,0.4,111514.848,0.748,0.34,0.0,0.0,0,0,1,148,8,-25.358,101,0.0,0.0,0.216,32.0,1.73,-5.483,21.838,0.0,0.0,0.033,4.933,0.267,-0.845,3.367
1934,2863,6,13,5,1,0,find,1,0,0,0,0,0,0,0,0,187.55,0.55,0.4,111514.848,0.748,0.34,0.0,0.0,0,0,1,148,8,-25.358,101,0.0,0.0,0.216,32.0,1.73,-5.483,21.838,0.0,0.0,0.033,4.933,0.267,-0.845,3.367
1934,2863,6,13,5,1,0,out,1,0,0,1,1,243,243,1,1,187.55,0.55,0.4,111514.848,0.748,0.34,243.0,81.0,0,0,1,148,8,-25.358,101,0.0,0.0,0.216,32.0,1.73,-5.483,21.838,0.0,0.0,0.033,4.933,0.267,-0.845,3.367
1934,2863,6,13,5,1,0,if,1,0,0,0,0,0,-243,-1,-1,187.55,0.55,0.4,111514.848,0.748,0.34,0.0,0.0,0,0,1,148,8,-25.358,101,0.0,0.0,0.216,32.0,1.73,-5.483,21.838,0.0,0.0,0.033,4.933,0.267,-0.845,3.367
1934,2863,6,13,5,1,0,they've,1,0,0,0,0,0,0,0,0,187.55,0.55,0.4,111514.848,0.748,0.34,0.0,0.0,0,0,1,148,8,-25.358,101,0.0,0.0,0.216,32.0,1.73,-5.483,21.838,0.0,0.0,0.033,4.933,0.267,-0.845,3.367
1934,2863,6,13,5,1,0,contracted,1,0,0,1,2,693,693,2,1,187.55,0.55,0.4,111514.848,0.748,0.34,231.0,69.3,0,0,1,148,8,-25.358,101,0.0,0.0,0.216,32.0,1.73,-5.483,21.838,0.0,0.0,0.033,4.933,0.267,-0.845,3.367
1934,2863,6,13,5,1,0,the,1,0,0,1,1,275,-418,-1,0,187.55,0.55,0.4,111514.848,0.748,0.34,275.0,91.667,0,0,1,148,8,-25.358,101,0.0,0.0,0.216,32.0,1.73,-5.483,21.838,0.0,0.0,0.033,4.933,0.267,-0.845,3.367
1934,2863,6,13,5,1,0,virus,1,0,0,0,0,0,-275,-1,-1,187.55,0.55,0.4,111514.848,0.748,0.34,0.0,0.0,0,0,1,148,8,-25.358,101,0.0,0.0,0.216,32.0,1.73,-5.483,21.838,0.0,0.0,0.033,4.933,0.267,-0.845,3.367
1934,2863,6,13,5,1,0,The,1,0,0,0,0,0,0,0,0,187.55,0.55,0.4,111514.848,0.748,0.34,0.0,0.0,0,0,1,148,8,-25.358,101,0.0,0.0,0.216,32.0,1.73,-5.483,21.838,0.0,0.0,0.033,4.933,0.267,-0.845,3.367
1934,2863,6,13,5,1,0,Canadian,1,0,0,1,1,226,226,1,1,187.55,0.55,0.4,111514.848,0.748,0.34,75.333,28.25,0,0,1,148,8,-25.358,101,0.0,0.0,0.216,32.0,1.73,-5.483,21.838,0.0,0.0,0.033,4.933,0.267,-0.845,3.367
1934,2863,6,13,5,1,0,government,1,0,0,0,0,0,-226,-1,-1,187.55,0.55,0.4,111514.848,0.748,0.34,0.0,0.0,0,0,1,148,8,-25.358,101,0.0,0.0,0.216,32.0,1.73,-5.483,21.838,0.0,0.0,0.033,4.933,0.267,-0.845,3.367
1934,2863,6,13,5,1,0,says,1,0,0,1,1,269,269,1,1,187.55,0.55,0.4,111514.848,0.748,0.34,269.0,67.25,0,0,1,148,8,-25.358,101,0.0,0.0,0.216,32.0,1.73,-5.483,21.838,0.0,0.0,0.033,4.933,0.267,-0.845,3.367
1934,2863,6,13,5,1,0,it,1,0,0,2,2,794,525,1,1,187.55,0.55,0.4,111514.848,0.748,0.34,794.0,397.0,0,0,1,148,8,-25.358,101,0.0,0.0,0.216,32.0,1.73,-5.483,21.838,0.0,0.0,0.033,4.933,0.267,-0.845,3.367
1934,2863,6,13,5,1,0,will,1,0,0,0,0,0,-794,-2,-2,187.55,0.55,0.4,111514.848,0.748,0.34,0.0,0.0,0,0,1,148,8,-25.358,101,0.0,0.0,0.216,32.0,1.73,-5.483,21.838,0.0,0.0,0.033,4.933,0.267,-0.845,3.367
1934,2863,6,13,5,1,0,remove,1,0,0,0,0,0,0,0,0,187.55,0.55,0.4,111514.848,0.748,0.34,0.0,0.0,0,0,1,148,8,-25.358,101,0.0,0.0,0.216,32.0,1.73,-5.483,21.838,0.0,0.0,0.033,4.933,0.267,-0.845,3.367
1934,2863,6,13,5,1,0,all,1,0,0,0,0,0,0,0,0,187.55,0.55,0.4,111514.848,0.748,0.34,0.0,0.0,0,0,1,148,8,-25.358,101,0.0,0.0,0.216,32.0,1.73,-5.483,21.838,0.0,0.0,0.033,4.933,0.267,-0.845,3.367
1934,2863,6,13,5,1,0,COVID,1,0,0,0,0,0,0,0,0,187.55,0.55,0.4,111514.848,0.748,0.34,0.0,0.0,0,0,1,148,8,-25.358,101,0.0,0.0,0.216,32.0,1.73,-5.483,21.838,0.0,0.0,0.033,4.933,0.267,-0.845,3.367
1934,2863,6,13,5,1,0,restrictions,1,0,0,0,0,0,0,0,0,187.55,0.55,0.4,111514.848,0.748,0.34,0.0,0.0,0,0,1,148,8,-25.358,101,0.0,0.0,0.216,32.0,1.73,-5.483,21.838,0.0,0.0,0.033,4.933,0.267,-0.845,3.367
1934,2863,6,13,5,1,0,on,1,0,0,0,0,0,0,0,0,187.55,0.55,0.4,111514.848,0.748,0.34,0.0,0.0,0,0,1,148,8,-25.358,101,0.0,0.0,0.216,32.0,1.73,-5.483,21.838,0.0,0.0,0.033,4.933,0.267,-0.845,3.367
1934,2863,6,14,5,1,0,inbound,1,0,0,1,3,1251,0,0,0,178.619,0.524,0.429,81585.569,0.535,0.245,625.5,178.714,0,0,1,59,9,-25.849,101,0.0,0.0,0.219,12.897,1.967,-5.65,22.078,0.0,0.0,0.032,1.903,0.29,-0.834,3.258
1934,2863,6,14,5,1,0,travelers,1,0,0,0,0,0,-1251,-3,-1,178.619,0.524,0.429,81585.569,0.535,0.245,0.0,0.0,0,0,1,59,9,-25.849,101,0.0,0.0,0.219,12.897,1.967,-5.65,22.078,0.0,0.0,0.032,1.903,0.29,-0.834,3.258
1934,2863,6,14,5,1,0,from,1,0,0,1,1,243,243,1,1,178.619,0.524,0.429,81585.569,0.535,0.245,243.0,60.75,0,0,1,59,9,-25.849,101,0.0,0.0,0.219,12.897,1.967,-5.65,22.078,0.0,0.0,0.032,1.903,0.29,-0.834,3.258
1934,2863,6,14,5,1,0,Saturday,1,0,0,1,1,302,59,0,0,178.619,0.524,0.429,81585.569,0.535,0.245,100.667,37.75,0,0,1,59,9,-25.849,101,0.0,0.0,0.219,12.897,1.967,-5.65,22.078,0.0,0.0,0.032,1.903,0.29,-0.834,3.258
1934,2863,6,14,5,1,0,It,1,0,0,1,1,391,89,0,0,178.619,0.524,0.429,81585.569,0.535,0.245,391.0,195.5,0,0,1,59,9,-25.849,101,0.0,0.0,0.219,12.897,1.967,-5.65,22.078,0.0,0.0,0.032,1.903,0.29,-0.834,3.258
1934,2863,6,14,5,1,0,said,1,0,0,0,0,0,-391,-1,-1,178.619,0.524,0.429,81585.569,0.535,0.245,0.0,0.0,0,0,1,59,9,-25.849,101,0.0,0.0,0.219,12.897,1.967,-5.65,22.078,0.0,0.0,0.032,1.903,0.29,-0.834,3.258
1934,2863,6,14,5,1,0,there,1,0,0,1,1,275,275,1,1,178.619,0.524,0.429,81585.569,0.535,0.245,275.0,55.0,0,0,1,59,9,-25.849,101,0.0,0.0,0.219,12.897,1.967,-5.65,22.078,0.0,0.0,0.032,1.903,0.29,-0.834,3.258
1934,2863,6,14,5,1,0,would,1,0,0,0,0,0,-275,-1,-1,178.619,0.524,0.429,81585.569,0.535,0.245,0.0,0.0,0,0,1,59,9,-25.849,101,0.0,0.0,0.219,12.897,1.967,-5.65,22.078,0.0,0.0,0.032,1.903,0.29,-0.834,3.258
1934,2863,6,14,5,1,0,no,1,0,0,0,0,0,0,0,0,178.619,0.524,0.429,81585.569,0.535,0.245,0.0,0.0,0,0,1,59,9,-25.849,101,0.0,0.0,0.219,12.897,1.967,-5.65,22.078,0.0,0.0,0.032,1.903,0.29,-0.834,3.258
1934,2863,6,14,5,1,0,longer,1,0,0,0,0,0,0,0,0,178.619,0.524,0.429,81585.569,0.535,0.245,0.0,0.0,0,0,1,59,9,-25.849,101,0.0,0.0,0.219,12.897,1.967,-5.65,22.078,0.0,0.0,0.032,1.903,0.29,-0.834,3.258
1934,2863,6,14,5,1,0,be,1,0,0,1,1,226,226,1,1,178.619,0.524,0.429,81585.569,0.535,0.245,226.0,113.0,0,0,1,59,9,-25.849,101,0.0,0.0,0.219,12.897,1.967,-5.65,22.078,0.0,0.0,0.032,1.903,0.29,-0.834,3.258
1934,2863,6,14,5,1,0,any,1,0,0,0,0,0,-226,-1,-1,178.619,0.524,0.429,81585.569,0.535,0.245,0.0,0.0,0,0,1,59,9,-25.849,101,0.0,0.0,0.219,12.897,1.967,-5.65,22.078,0.0,0.0,0.032,1.903,0.29,-0.834,3.258
1934,2863,6,14,5,1,0,demand,1,0,0,1,1,269,269,1,1,178.619,0.524,0.429,81585.569,0.535,0.245,134.5,44.833,0,0,1,59,9,-25.849,101,0.0,0.0,0.219,12.897,1.967,-5.65,22.078,0.0,0.0,0.032,1.903,0.29,-0.834,3.258
1934,2863,6,14,5,1,0,for,1,0,0,1,1,418,149,0,0,178.619,0.524,0.429,81585.569,0.535,0.245,418.0,139.333,0,0,1,59,9,-25.849,101,0.0,0.0,0.219,12.897,1.967,-5.65,22.078,0.0,0.0,0.032,1.903,0.29,-0.834,3.258
1934,2863,6,14,5,1,0,travelers,1,0,0,1,1,376,-42,0,0,178.619,0.524,0.429,81585.569,0.535,0.245,125.333,41.778,0,0,1,59,9,-25.849,101,0.0,0.0,0.219,12.897,1.967,-5.65,22.078,0.0,0.0,0.032,1.903,0.29,-0.834,3.258
1934,2863,6,14,5,1,0,to,1,0,0,0,0,0,-376,-1,-1,178.619,0.524,0.429,81585.569,0.535,0.245,0.0,0.0,0,0,1,59,9,-25.849,101,0.0,0.0,0.219,12.897,1.967,-5.65,22.078,0.0,0.0,0.032,1.903,0.29,-0.834,3.258
1934,2863,6,14,5,1,0,be,1,0,0,0,0,0,0,0,0,178.619,0.524,0.429,81585.569,0.535,0.245,0.0,0.0,0,0,1,59,9,-25.849,101,0.0,0.0,0.219,12.897,1.967,-5.65,22.078,0.0,0.0,0.032,1.903,0.29,-0.834,3.258
1934,2863,6,14,5,1,0,tested,1,0,0,0,0,0,0,0,0,178.619,0.524,0.429,81585.569,0.535,0.245,0.0,0.0,0,0,1,59,9,-25.849,101,0.0,0.0,0.219,12.897,1.967,-5.65,22.078,0.0,0.0,0.032,1.903,0.29,-0.834,3.258
1934,2863,6,14,5,1,0,or,1,0,0,0,0,0,0,0,0,178.619,0.524,0.429,81585.569,0.535,0.245,0.0,0.0,0,0,1,59,9,-25.849,101,0.0,0.0,0.219,12.897,1.967,-5.65,22.078,0.0,0.0,0.032,1.903,0.29,-0.834,3.258
1934,2863,6,14,5,1,0,required,1,0,0,0,0,0,0,0,0,178.619,0.524,0.429,81585.569,0.535,0.245,0.0,0.0,0,0,1,59,9,-25.849,101,0.0,0.0,0.219,12.897,1.967,-5.65,22.078,0.0,0.0,0.032,1.903,0.29,-0.834,3.258
1934,2863,6,14,5,1,0,to,1,0,0,0,0,0,0,0,0,178.619,0.524,0.429,81585.569,0.535,0.245,0.0,0.0,0,0,1,59,9,-25.849,101,0.0,0.0,0.219,12.897,1.967,-5.65,22.078,0.0,0.0,0.032,1.903,0.29,-0.834,3.258
1934,2863,6,15,5,1,0,quarantine,1,0,0,1,3,1251,0,0,0,250.067,0.733,0.533,133053.129,0.862,0.382,417.0,125.1,0,0,1,148,8,-25.358,101,0.0,0.0,0.226,33.402,1.806,-5.723,22.795,0.0,0.0,0.043,6.435,0.348,-1.103,4.391
1934,2863,6,15,5,1,0,or,1,0,0,0,0,0,-1251,-3,-1,250.067,0.733,0.533,133053.129,0.862,0.382,0.0,0.0,0,0,1,148,8,-25.358,101,0.0,0.0,0.226,33.402,1.806,-5.723,22.795,0.0,0.0,0.043,6.435,0.348,-1.103,4.391
1934,2863,6,15,5,1,0,self-isolate,1,0,0,1,1,243,243,1,1,250.067,0.733,0.533,133053.129,0.862,0.382,81.0,20.25,0,0,1,148,8,-25.358,101,0.0,0.0,0.226,33.402,1.806,-5.723,22.795,0.0,0.0,0.043,6.435,0.348,-1.103,4.391
1934,2863,6,15,5,1,0,An,1,0,0,0,0,0,-243,-1,-1,250.067,0.733,0.533,133053.129,0.862,0.382,0.0,0.0,0,0,1,148,8,-25.358,101,0.0,0.0,0.226,33.402,1.806,-5.723,22.795,0.0,0.0,0.043,6.435,0.348,-1.103,4.391
1934,2863,6,15,5,1,0,insistence,1,0,0,1,2,693,693,2,1,250.067,0.733,0.533,133053.129,0.862,0.382,231.0,69.3,0,0,1,148,8,-25.358,101,0.0,0.0,0.226,33.402,1.806,-5.723,22.795,0.0,0.0,0.043,6.435,0.348,-1.103,4.391
1934,2863,6,15,5,1,0,on,1,0,0,0,0,0,-693,-2,-1,250.067,0.733,0.533,133053.129,0.862,0.382,0.0,0.0,0,0,1,148,8,-25.358,101,0.0,0.0,0.226,33.402,1.806,-5.723,22.795,0.0,0.0,0.043,6.435,0.348,-1.103,4.391
1934,2863,6,15,5,1,0,mask-wearing,1,0,0,1,1,275,275,1,1,250.067,0.733,0.533,133053.129,0.862,0.382,137.5,22.917,0,0,1,148,8,-25.358,101,0.0,0.0,0.226,33.402,1.806,-5.723,22.795,0.0,0.0,0.043,6.435,0.348,-1.103,4.391
1934,2863,6,15,5,1,0,on,1,0,0,0,0,0,-275,-1,-1,250.067,0.733,0.533,133053.129,0.862,0.382,0.0,0.0,0,0,1,148,8,-25.358,101,0.0,0.0,0.226,33.402,1.806,-5.723,22.795,0.0,0.0,0.043,6.435,0.348,-1.103,4.391
1934,2863,6,15,5,1,0,planes,1,0,0,1,1,226,226,1,1,250.067,0.733,0.533,133053.129,0.862,0.382,226.0,37.667,0,0,1,148,8,-25.358,101,0.0,0.0,0.226,33.402,1.806,-5.723,22.795,0.0,0.0,0.043,6.435,0.348,-1.103,4.391
1934,2863,6,15,5,1,0,and,1,0,0,0,0,0,-226,-1,-1,250.067,0.733,0.533,133053.129,0.862,0.382,0.0,0.0,0,0,1,148,8,-25.358,101,0.0,0.0,0.226,33.402,1.806,-5.723,22.795,0.0,0.0,0.043,6.435,0.348,-1.103,4.391
1934,2863,6,15,5,1,0,trains,1,0,0,0,0,0,0,0,0,250.067,0.733,0.533,133053.129,0.862,0.382,0.0,0.0,0,0,1,148,8,-25.358,101,0.0,0.0,0.226,33.402,1.806,-5.723,22.795,0.0,0.0,0.043,6.435,0.348,-1.103,4.391
1934,2863,6,15,5,1,0,will,1,0,0,1,1,269,269,1,1,250.067,0.733,0.533,133053.129,0.862,0.382,269.0,67.25,0,0,1,148,8,-25.358,101,0.0,0.0,0.226,33.402,1.806,-5.723,22.795,0.0,0.0,0.043,6.435,0.348,-1.103,4.391
1934,2863,6,15,5,1,0,also,1,0,0,2,2,794,525,1,1,250.067,0.733,0.533,133053.129,0.862,0.382,397.0,198.5,0,0,1,148,8,-25.358,101,0.0,0.0,0.226,33.402,1.806,-5.723,22.795,0.0,0.0,0.043,6.435,0.348,-1.103,4.391
1934,2863,6,15,5,1,0,be,1,0,0,0,0,0,-794,-2,-2,250.067,0.733,0.533,133053.129,0.862,0.382,0.0,0.0,0,0,1,148,8,-25.358,101,0.0,0.0,0.226,33.402,1.806,-5.723,22.795,0.0,0.0,0.043,6.435,0.348,-1.103,4.391
1934,2863,6,15,5,1,0,dropped,1,0,0,0,0,0,0,0,0,250.067,0.733,0.533,133053.129,0.862,0.382,0.0,0.0,0,0,1,148,8,-25.358,101,0.0,0.0,0.226,33.402,1.806,-5.723,22.795,0.0,0.0,0.043,6.435,0.348,-1.103,4.391
1934,2863,7,13,5,1,0,waiting,1,0,0,0,0,0,0,0,0,140.25,0.45,0.35,41008.588,0.448,0.227,0.0,0.0,0,0,1,177,7,0.812,-102,0.0,0.0,0.216,38.27,1.514,0.176,-22.054,0.0,0.0,0.033,5.9,0.233,0.027,-3.4
1934,2863,7,13,5,1,0,to,1,0,0,0,0,0,0,0,0,140.25,0.45,0.35,41008.588,0.448,0.227,0.0,0.0,0,0,1,177,7,0.812,-102,0.0,0.0,0.216,38.27,1.514,0.176,-22.054,0.0,0.0,0.033,5.9,0.233,0.027,-3.4
1934,2863,7,13,5,1,0,find,1,0,0,0,0,0,0,0,0,140.25,0.45,0.35,41008.588,0.448,0.227,0.0,0.0,0,0,1,177,7,0.812,-102,0.0,0.0,0.216,38.27,1.514,0.176,-22.054,0.0,0.0,0.033,5.9,0.233,0.027,-3.4
1934,2863,7,13,5,1,0,out,1,0,0,0,0,0,0,0,0,140.25,0.45,0.35,41008.588,0.448,0.227,0.0,0.0,0,0,1,177,7,0.812,-102,0.0,0.0,0.216,38.27,1.514,0.176,-22.054,0.0,0.0,0.033,5.9,0.233,0.027,-3.4
1934,2863,7,13,5,1,0,if,1,0,0,0,0,0,0,0,0,140.25,0.45,0.35,41008.588,0.448,0.227,0.0,0.0,0,0,1,177,7,0.812,-102,0.0,0.0,0.216,38.27,1.514,0.176,-22.054,0.0,0.0,0.033,5.9,0.233,0.027,-3.4
1934,2863,7,13,5,1,0,they've,1,0,0,1,1,432,432,1,1,140.25,0.45,0.35,41008.588,0.448,0.227,432.0,61.714,0,0,1,177,7,0.812,-102,0.0,0.0,0.216,38.27,1.514,0.176,-22.054,0.0,0.0,0.033,5.9,0.233,0.027,-3.4
1934,2863,7,13,5,1,0,contracted,1,0,0,1,1,314,-118,0,0,140.25,0.45,0.35,41008.588,0.448,0.227,104.667,31.4,0,0,1,177,7,0.812,-102,0.0,0.0,0.216,38.27,1.514,0.176,-22.054,0.0,0.0,0.033,5.9,0.233,0.027,-3.4
1934,2863,7,13,5,1,0,the,1,0,0,1,1,314,0,0,0,140.25,0.45,0.35,41008.588,0.448,0.227,314.0,104.667,0,0,1,177,7,0.812,-102,0.0,0.0,0.216,38.27,1.514,0.176,-22.054,0.0,0.0,0.033,5.9,0.233,0.027,-3.4
1934,2863,7,13,5,1,0,virus,1,0,0,0,0,0,-314,-1,-1,140.25,0.45,0.35,41008.588,0.448,0.227,0.0,0.0,0,0,1,177,7,0.812,-102,0.0,0.0,0.216,38.27,1.514,0.176,-22.054,0.0,0.0,0.033,5.9,0.233,0.027,-3.4
1934,2863,7,13,5,1,0,The,1,0,0,1,1,286,286,1,1,140.25,0.45,0.35,41008.588,0.448,0.227,286.0,95.333,0,0,1,177,7,0.812,-102,0.0,0.0,0.216,38.27,1.514,0.176,-22.054,0.0,0.0,0.033,5.9,0.233,0.027,-3.4
1934,2863,7,13,5,1,0,Canadian,1,0,0,1,2,535,249,1,0,140.25,0.45,0.35,41008.588,0.448,0.227,178.333,66.875,0,0,1,177,7,0.812,-102,0.0,0.0,0.216,38.27,1.514,0.176,-22.054,0.0,0.0,0.033,5.9,0.233,0.027,-3.4
1934,2863,7,13,5,1,0,government,1,0,0,1,2,594,59,0,0,140.25,0.45,0.35,41008.588,0.448,0.227,198.0,59.4,0,0,1,177,7,0.812,-102,0.0,0.0,0.216,38.27,1.514,0.176,-22.054,0.0,0.0,0.033,5.9,0.233,0.027,-3.4
1934,2863,7,13,5,1,0,says,1,0,0,0,0,0,-594,-2,-1,140.25,0.45,0.35,41008.588,0.448,0.227,0.0,0.0,0,0,1,177,7,0.812,-102,0.0,0.0,0.216,38.27,1.514,0.176,-22.054,0.0,0.0,0.033,5.9,0.233,0.027,-3.4
1934,2863,7,13,5,1,0,it,1,0,0,0,0,0,0,0,0,140.25,0.45,0.35,41008.588,0.448,0.227,0.0,0.0,0,0,1,177,7,0.812,-102,0.0,0.0,0.216,38.27,1.514,0.176,-22.054,0.0,0.0,0.033,5.9,0.233,0.027,-3.4
1934,2863,7,13,5,1,0,will,1,0,0,0,0,0,0,0,0,140.25,0.45,0.35,41008.588,0.448,0.227,0.0,0.0,0,0,1,177,7,0.812,-102,0.0,0.0,0.216,38.27,1.514,0.176,-22.054,0.0,0.0,0.033,5.9,0.233,0.027,-3.4
1934,2863,7,13,5,1,0,remove,1,0,0,0,0,0,0,0,0,140.25,0.45,0.35,41008.588,0.448,0.227,0.0,0.0,0,0,1,177,7,0.812,-102,0.0,0.0,0.216,38.27,1.514,0.176,-22.054,0.0,0.0,0.033,5.9,0.233,0.027,-3.4
1934,2863,7,13,5,1,0,all,1,0,0,0,0,0,0,0,0,140.25,0.45,0.35,41008.588,0.448,0.227,0.0,0.0,0,0,1,177,7,0.812,-102,0.0,0.0,0.216,38.27,1.514,0.176,-22.054,0.0,0.0,0.033,5.9,0.233,0.027,-3.4
1934,2863,7,13,5,1,0,COVID,1,0,0,1,1,330,330,1,1,140.25,0.45,0.35,41008.588,0.448,0.227,330.0,66.0,0,0,1,177,7,0.812,-102,0.0,0.0,0.216,38.27,1.514,0.176,-22.054,0.0,0.0,0.033,5.9,0.233,0.027,-3.4
1934,2863,7,13,5,1,0,restrictions,1,0,0,0,0,0,-330,-1,-1,140.25,0.45,0.35,41008.588,0.448,0.227,0.0,0.0,0,0,1,177,7,0.812,-102,0.0,0.0,0.216,38.27,1.514,0.176,-22.054,0.0,0.0,0.033,5.9,0.233,0.027,-3.4
1934,2863,7,13,5,1,0,on,1,0,0,0,0,0,0,0,0,140.25,0.45,0.35,41008.588,0.448,0.227,0.0,0.0,0,0,1,177,7,0.812,-102,0.0,0.0,0.216,38.27,1.514,0.176,-22.054,0.0,0.0,0.033,5.9,0.233,0.027,-3.4
1934,2863,7,14,5,1,0,inbound,1,0,0,0,0,0,0,0,0,133.571,0.429,0.381,33405.578,0.34,0.236,0.0,0.0,0,0,1,70,8,-0.196,-102,0.0,0.0,0.219,15.302,1.749,-0.043,-22.296,0.0,0.0,0.032,2.258,0.258,-0.006,-3.29
1934,2863,7,14,5,1,0,travelers,1,0,0,0,0,0,0,0,0,133.571,0.429,0.381,33405.578,0.34,0.236,0.0,0.0,0,0,1,70,8,-0.196,-102,0.0,0.0,0.219,15.302,1.749,-0.043,-22.296,0.0,0.0,0.032,2.258,0.258,-0.006,-3.29
1934,2863,7,14,5,1,0,from,1,0,0,0,0,0,0,0,0,133.571,0.429,0.381,33405.578,0.34,0.236,0.0,0.0,0,0,1,70,8,-0.196,-102,0.0,0.0,0.219,15.302,1.749,-0.043,-22.296,0.0,0.0,0.032,2.258,0.258,-0.006,-3.29
1934,2863,7,14,5,1,0,Saturday,1,0,0,1,1,432,432,1,1,133.571,0.429,0.381,33405.578,0.34,0.236,144.0,54.0,0,0,1,70,8,-0.196,-102,0.0,0.0,0.219,15.302,1.749,-0.043,-22.296,0.0,0.0,0.032,2.258,0.258,-0.006,-3.29
1934,2863,7,14,5,1,0,It,1,0,0,0,0,0,-432,-1,-1,133.571,0.429,0.381,33405.578,0.34,0.236,0.0,0.0,0,0,1,70,8,-0.196,-102,0.0,0.0,0.219,15.302,1.749,-0.043,-22.296,0.0,0.0,0.032,2.258,0.258,-0.006,-3.29
1934,2863,7,14,5,1,0,said,1,0,0,1,1,314,314,1,1,133.571,0.429,0.381,33405.578,0.34,0.236,314.0,78.5,0,0,1,70,8,-0.196,-102,0.0,0.0,0.219,15.302,1.749,-0.043,-22.296,0.0,0.0,0.032,2.258,0.258,-0.006,-3.29
1934,2863,7,14,5,1,0,there,1,0,0,1,1,314,0,0,0,133.571,0.429,0.381,33405.578,0.34,0.236,314.0,62.8,0,0,1,70,8,-0.196,-102,0.0,0.0,0.219,15.302,1.749,-0.043,-22.296,0.0,0.0,0.032,2.258,0.258,-0.006,-3.29
1934,2863,7,14,5,1,0,would,1,0,0,1,1,286,-28,0,0,133.571,0.429,0.381,33405.578,0.34,0.236,286.0,57.2,0,0,1,70,8,-0.196,-102,0.0,0.0,0.219,15.302,1.749,-0.043,-22.296,0.0,0.0,0.032,2.258,0.258,-0.006,-3.29
1934,2863,7,14,5,1,0,no,1,0,0,0,0,0,-286,-1,-1,133.571,0.429,0.381,33405.578,0.34,0.236,0.0,0.0,0,0,1,70,8,-0.196,-102,0.0,0.0,0.219,15.302,1.749,-0.043,-22.296,0.0,0.0,0.032,2.258,0.258,-0.006,-3.29
1934,2863,7,14,5,1,0,longer,1,0,0,1,1,321,321,1,1,133.571,0.429,0.381,33405.578,0.34,0.236,321.0,53.5,0,0,1,70,8,-0.196,-102,0.0,0.0,0.219,15.302,1.749,-0.043,-22.296,0.0,0.0,0.032,2.258,0.258,-0.006,-3.29
1934,2863,7,14,5,1,0,be,1,0,0,1,1,214,-107,0,0,133.571,0.429,0.381,33405.578,0.34,0.236,214.0,107.0,0,0,1,70,8,-0.196,-102,0.0,0.0,0.219,15.302,1.749,-0.043,-22.296,0.0,0.0,0.032,2.258,0.258,-0.006,-3.29
1934,2863,7,14,5,1,0,any,1,0,0,0,0,0,-214,-1,-1,133.571,0.429,0.381,33405.578,0.34,0.236,0.0,0.0,0,0,1,70,8,-0.196,-102,0.0,0.0,0.219,15.302,1.749,-0.043,-22.296,0.0,0.0,0.032,2.258,0.258,-0.006,-3.29
1934,2863,7,14,5,1,0,demand,1,0,0,1,2,594,594,2,1,133.571,0.429,0.381,33405.578,0.34,0.236,297.0,99.0,0,0,1,70,8,-0.196,-102,0.0,0.0,0.219,15.302,1.749,-0.043,-22.296,0.0,0.0,0.032,2.258,0.258,-0.006,-3.29
1934,2863,7,14,5,1,0,for,1,0,0,0,0,0,-594,-2,-1,133.571,0.429,0.381,33405.578,0.34,0.236,0.0,0.0,0,0,1,70,8,-0.196,-102,0.0,0.0,0.219,15.302,1.749,-0.043,-22.296,0.0,0.0,0.032,2.258,0.258,-0.006,-3.29
1934,2863,7,14,5,1,0,travelers,1,0,0,0,0,0,0,0,0,133.571,0.429,0.381,33405.578,0.34,0.236,0.0,0.0,0,0,1,70,8,-0.196,-102,0.0,0.0,0.219,15.302,1.749,-0.043,-22.296,0.0,0.0,0.032,2.258,0.258,-0.006,-3.29
1934,2863,7,14,5,1,0,to,1,0,0,0,0,0,0,0,0,133.571,0.429,0.381,33405.578,0.34,0.236,0.0,0.0,0,0,1,70,8,-0.196,-102,0.0,0.0,0.219,15.302,1.749,-0.043,-22.296,0.0,0.0,0.032,2.258,0.258,-0.006,-3.29
1934,2863,7,14,5,1,0,be,1,0,0,0,0,0,0,0,0,133.571,0.429,0.381,33405.578,0.34,0.236,0.0,0.0,0,0,1,70,8,-0.196,-102,0.0,0.0,0.219,15.302,1.749,-0.043,-22.296,0.0,0.0,0.032,2.258,0.258,-0.006,-3.29
1934,2863,7,14,5,1,0,tested,1,0,0,0,0,0,0,0,0,133.571,0.429,0.381,33405.578,0.34,0.236,0.0,0.0,0,0,1,70,8,-0.196,-102,0.0,0.0,0.219,15.302,1.749,-0.043,-22.296,0.0,0.0,0.032,2.258,0.258,-0.006,-3.29
1934,2863,7,14,5,1,0,or,1,0,0,1,1,330,330,1,1,133.571,0.429,0.381,33405.578,0.34,0.236,330.0,165.0,0,0,1,70,8,-0.196,-102,0.0,0.0,0.219,15.302,1.749,-0.043,-22.296,0.0,0.0,0.032,2.258,0.258,-0.006,-3.29
1934,2863,7,14,5,1,0,required,1,0,0,0,0,0,-330,-1,-1,133.571,0.429,0.381,33405.578,0.34,0.236,0.0,0.0,0,0,1,70,8,-0.196,-102,0.0,0.0,0.219,15.302,1.749,-0.043,-22.296,0.0,0.0,0.032,2.258,0.258,-0.006,-3.29
1934,2863,7,14,5,1,0,to,1,0,0,0,0,0,0,0,0,133.571,0.429,0.381,33405.578,0.34,0.236,0.0,0.0,0,0,1,70,8,-0.196,-102,0.0,0.0,0.219,15.302,1.749,-0.043,-22.296,0.0,0.0,0.032,2.258,0.258,-0.006,-3.29
1934,2863,7,15,5,1,0,quarantine,1,0,0,0,0,0,0,0,0,165.0,0.533,0.4,64139.467,0.649,0.24,0.0,0.0,0,0,1,-228,6,-2.128,-102,0.0,0.0,0.226,-51.458,1.354,-0.48,-23.021,0.0,0.0,0.043,-9.913,0.261,-0.093,-4.435
1934,2863,7,15,5,1,0,or,1,0,0,0,0,0,0,0,0,165.0,0.533,0.4,64139.467,0.649,0.24,0.0,0.0,0,0,1,-228,6,-2.128,-102,0.0,0.0,0.226,-51.458,1.354,-0.48,-23.021,0.0,0.0,0.043,-9.913,0.261,-0.093,-4.435
1934,2863,7,15,5,1,0,self-isolate,1,0,0,0,0,0,0,0,0,165.0,0.533,0.4,64139.467,0.649,0.24,0.0,0.0,0,0,1,-228,6,-2.128,-102,0.0,0.0,0.226,-51.458,1.354,-0.48,-23.021,0.0,0.0,0.043,-9.913,0.261,-0.093,-4.435
1934,2863,7,15,5,1,0,An,1,0,0,1,1,432,432,1,1,165.0,0.533,0.4,64139.467,0.649,0.24,432.0,216.0,0,0,1,-228,6,-2.128,-102,0.0,0.0,0.226,-51.458,1.354,-0.48,-23.021,0.0,0.0,0.043,-9.913,0.261,-0.093,-4.435
1934,2863,7,15,5,1,0,insistence,1,0,0,0,0,0,-432,-1,-1,165.0,0.533,0.4,64139.467,0.649,0.24,0.0,0.0,0,0,1,-228,6,-2.128,-102,0.0,0.0,0.226,-51.458,1.354,-0.48,-23.021,0.0,0.0,0.043,-9.913,0.261,-0.093,-4.435
1934,2863,7,15,5,1,0,on,1,0,0,1,1,314,314,1,1,165.0,0.533,0.4,64139.467,0.649,0.24,314.0,157.0,0,0,1,-228,6,-2.128,-102,0.0,0.0,0.226,-51.458,1.354,-0.48,-23.021,0.0,0.0,0.043,-9.913,0.261,-0.093,-4.435
1934,2863,7,15,5,1,0,mask-wearing,1,0,0,1,3,921,607,2,0,165.0,0.533,0.4,64139.467,0.649,0.24,460.5,76.75,0,0,1,-228,6,-2.128,-102,0.0,0.0,0.226,-51.458,1.354,-0.48,-23.021,0.0,0.0,0.043,-9.913,0.261,-0.093,-4.435
1934,2863,7,15,5,1,0,on,1,0,0,0,0,0,-921,-3,-1,165.0,0.533,0.4,64139.467,0.649,0.24,0.0,0.0,0,0,1,-228,6,-2.128,-102,0.0,0.0,0.226,-51.458,1.354,-0.48,-23.021,0.0,0.0,0.043,-9.913,0.261,-0.093,-4.435
1934,2863,7,15,5,1,0,planes,1,0,0,1,1,214,214,1,1,165.0,0.533,0.4,64139.467,0.649,0.24,214.0,35.667,0,0,1,-228,6,-2.128,-102,0.0,0.0,0.226,-51.458,1.354,-0.48,-23.021,0.0,0.0,0.043,-9.913,0.261,-0.093,-4.435
1934,2863,7,15,5,1,0,and,1,0,0,1,1,383,169,0,0,165.0,0.533,0.4,64139.467,0.649,0.24,383.0,127.667,0,0,1,-228,6,-2.128,-102,0.0,0.0,0.226,-51.458,1.354,-0.48,-23.021,0.0,0.0,0.043,-9.913,0.261,-0.093,-4.435
1934,2863,7,15,5,1,0,trains,1,0,0,1,1,211,-172,0,0,165.0,0.533,0.4,64139.467,0.649,0.24,211.0,35.167,0,0,1,-228,6,-2.128,-102,0.0,0.0,0.226,-51.458,1.354,-0.48,-23.021,0.0,0.0,0.043,-9.913,0.261,-0.093,-4.435
1934,2863,7,15,5,1,0,will,1,0,0,0,0,0,-211,-1,-1,165.0,0.533,0.4,64139.467,0.649,0.24,0.0,0.0,0,0,1,-228,6,-2.128,-102,0.0,0.0,0.226,-51.458,1.354,-0.48,-23.021,0.0,0.0,0.043,-9.913,0.261,-0.093,-4.435
1934,2863,7,15,5,1,0,also,1,0,0,0,0,0,0,0,0,165.0,0.533,0.4,64139.467,0.649,0.24,0.0,0.0,0,0,1,-228,6,-2.128,-102,0.0,0.0,0.226,-51.458,1.354,-0.48,-23.021,0.0,0.0,0.043,-9.913,0.261,-0.093,-4.435
1934,2863,7,15,5,1,0,be,1,0,0,0,0,0,0,0,0,165.0,0.533,0.4,64139.467,0.649,0.24,0.0,0.0,0,0,1,-228,6,-2.128,-102,0.0,0.0,0.226,-51.458,1.354,-0.48,-23.021,0.0,0.0,0.043,-9.913,0.261,-0.093,-4.435
1934,2863,7,15,5,1,0,dropped,1,0,0,0,0,0,0,0,0,165.0,0.533,0.4,64139.467,0.649,0.24,0.0,0.0,0,0,1,-228,6,-2.128,-102,0.0,0.0,0.226,-51.458,1.354,-0.48,-23.021,0.0,0.0,0.043,-9.913,0.261,-0.093,-4.435
